,1. open,2. high,3. low,4. close,5. volume
2025-02-27,10.1800,10.2600,10.1300,10.2300,650546
2025-02-26,10.2200,10.3050,10.1700,10.1800,960029
2025-02-25,10.4600,10.4645,10.1800,10.2100,672210
2025-02-24,10.8500,10.8500,10.4050,10.4300,1100075
2025-02-21,10.5750,10.8200,10.5400,10.7800,882516
2025-02-20,10.4300,10.5200,10.3600,10.5000,553984
2025-02-19,10.3000,10.4650,10.2900,10.4600,549067
2025-02-18,10.2800,10.4000,10.2502,10.3500,756462
2025-02-14,10.2700,10.3300,10.2100,10.2300,567444
2025-02-13,10.2100,10.3000,10.1960,10.3000,315937
2025-02-12,10.1000,10.2300,10.0900,10.2200,407640
2025-02-11,10.1000,10.1400,10.0700,10.1200,468322
2025-02-10,10.0900,10.1500,10.0500,10.1100,405908
2025-02-07,10.1100,10.1500,10.0850,10.1000,361578
2025-02-06,10.1500,10.1500,10.0600,10.1100,393926
2025-02-05,10.0900,10.1338,10.0101,10.1000,539317
2025-02-04,10.0700,10.1200,10.0500,10.0900,458112
2025-02-03,9.9900,10.1200,9.9400,10.0800,506160
2025-01-31,10.1000,10.1600,10.0400,10.1200,574780
2025-01-30,9.9900,10.0900,9.9500,10.0700,453547
2025-01-29,10.0200,10.0200,9.9021,9.9400,336134
2025-01-28,10.0000,10.0200,9.9500,9.9900,323479
2025-01-27,9.9200,9.9900,9.8950,9.9800,417955
2025-01-24,9.8500,9.9300,9.8500,9.9000,218854
2025-01-23,9.9000,9.9200,9.8700,9.8900,323488
2025-01-22,9.8500,9.8950,9.8400,9.8700,305996
2025-01-21,9.7400,9.8900,9.7200,9.8700,552421
2025-01-17,9.6900,9.7700,9.6750,9.7000,302448
2025-01-16,9.5900,9.7350,9.5800,9.7200,340690
2025-01-15,9.5300,9.6000,9.4939,9.6000,285139
2025-01-14,9.3900,9.4900,9.3800,9.4800,218849
2025-01-13,9.3300,9.4000,9.2700,9.3600,383996
2025-01-10,9.3300,9.4100,9.3200,9.3800,363943
2025-01-08,9.4300,9.4395,9.3300,9.3700,380248
2025-01-07,9.5500,9.5600,9.4100,9.4200,523268
2025-01-06,9.7300,9.7300,9.5250,9.5400,442311
2025-01-03,9.6800,9.7400,9.6500,9.7000,265764
2025-01-02,9.6200,9.7300,9.6141,9.6700,367525
2024-12-31,9.5500,9.6300,9.5250,9.5700,373489
2024-12-30,9.5000,9.5708,9.4100,9.5300,357850
2024-12-27,9.5100,9.5700,9.4700,9.5200,319086
2024-12-26,9.4900,9.5350,9.4600,9.5100,308086
2024-12-24,9.4200,9.5000,9.4031,9.5000,232577
2024-12-23,9.4100,9.4550,9.3100,9.4200,370863
2024-12-20,9.2900,9.4800,9.2000,9.4100,816406
2024-12-19,9.3000,9.3800,9.2700,9.2700,611729
2024-12-18,9.4700,9.5700,9.2600,9.2700,573225
2024-12-17,9.5000,9.5200,9.4100,9.4800,572957
2024-12-16,9.7000,9.7150,9.5100,9.5500,904056
2024-12-13,9.7500,9.8400,9.6400,9.7100,620648
2024-12-12,9.7000,9.8300,9.7000,9.7900,959043
2024-12-11,9.8400,9.8900,9.6800,9.7400,778608
2024-12-10,9.9000,9.9700,9.8309,9.8400,685608
2024-12-09,9.7600,9.9250,9.7600,9.8600,644767
2024-12-06,9.7200,9.7700,9.6200,9.7600,742364
2024-12-05,9.8000,9.8300,9.6950,9.7300,648460
2024-12-04,9.8300,9.9500,9.7400,9.8400,739541
2024-12-03,10.3700,10.3700,10.1850,10.2200,797282
2024-12-02,10.2400,10.3800,10.2200,10.3300,763238
2024-11-29,10.2600,10.3000,10.2300,10.2400,357424
2024-11-27,10.2400,10.3000,10.2100,10.2500,324274
2024-11-26,10.1800,10.2500,10.1000,10.2100,385786
2024-11-25,10.2500,10.2700,10.1200,10.2000,469021
2024-11-22,10.0400,10.2100,10.0200,10.2000,410658
2024-11-21,10.0700,10.0800,10.0000,10.0100,423664
2024-11-20,10.0200,10.0750,9.9500,10.0700,360689
2024-11-19,9.9600,10.1100,9.9500,10.0700,444627
2024-11-18,10.0000,10.0400,9.9800,10.0000,312365
2024-11-15,9.9200,10.0000,9.9100,9.9500,328450
2024-11-14,9.9900,10.0200,9.8700,9.8900,308354
2024-11-13,9.7000,9.9800,9.7000,9.9600,338634
2024-11-12,9.7500,9.7600,9.6600,9.7100,283428
2024-11-11,9.7500,9.8300,9.7100,9.7600,300715
2024-11-08,9.8300,9.8300,9.6000,9.7000,361676
2024-11-07,9.7300,9.8800,9.5700,9.7900,373609
2024-11-06,9.7700,9.8050,9.6000,9.7800,381848
2024-11-05,9.3800,9.5200,9.3600,9.5000,296170
2024-11-04,9.5700,9.6100,9.3750,9.4100,379285
2024-11-01,9.6700,9.7300,9.5200,9.5900,468185
2024-10-31,9.7500,9.8000,9.6200,9.6700,424960
2024-10-30,9.7900,9.9200,9.7500,9.7800,140609
2024-10-29,9.8500,9.8500,9.7400,9.7500,194887
2024-10-28,9.8500,9.9100,9.8496,9.9000,227301
2024-10-25,9.8500,9.8879,9.7700,9.8200,193465
2024-10-24,9.8000,9.8700,9.7440,9.8600,209261
2024-10-23,9.7800,9.8000,9.7100,9.7600,226833
2024-10-22,9.8200,9.8300,9.7350,9.8100,369070
2024-10-21,9.7600,9.8300,9.6900,9.8200,354697
2024-10-18,9.7700,9.7800,9.7200,9.7400,269585
2024-10-17,9.8500,9.8600,9.7400,9.7800,319623
2024-10-16,9.7600,9.8700,9.7600,9.8600,267820
2024-10-15,9.7100,9.8000,9.7009,9.7500,194576
2024-10-14,9.7900,9.7900,9.6750,9.7100,314936
2024-10-11,9.7500,9.8100,9.7100,9.7600,445420
2024-10-10,9.6000,9.7400,9.6000,9.7400,256092
2024-10-09,9.6300,9.6600,9.6000,9.6500,328539
2024-10-08,9.6800,9.7200,9.6200,9.6400,482053
2024-10-07,9.8400,9.8400,9.6600,9.6700,450487
2024-10-04,9.7500,9.8700,9.7450,9.8400,293985
2024-10-03,9.7000,9.7500,9.6700,9.7100,322527
2024-10-02,9.6700,9.7900,9.6700,9.7200,318934
2024-10-01,9.8200,9.8200,9.6750,9.7000,338231
2024-09-30,9.8300,9.8594,9.7800,9.8000,374860
2024-09-27,9.8200,9.9000,9.7800,9.8600,309611
2024-09-26,9.8000,9.8650,9.8000,9.8300,254111
2024-09-25,9.7900,9.8100,9.7500,9.7500,356929
2024-09-24,9.8700,9.9087,9.8000,9.8100,321383
2024-09-23,9.8700,9.9000,9.8500,9.8800,239103
2024-09-20,9.9200,9.9400,9.8350,9.8700,391942
2024-09-19,9.9500,9.9810,9.9099,9.9600,270830
2024-09-18,9.9100,10.0000,9.8700,9.8800,367603
2024-09-17,9.9200,9.9600,9.8800,9.8900,358509
2024-09-16,9.9400,9.9500,9.8732,9.9300,318204
2024-09-13,9.9200,9.9700,9.8900,9.9500,350362
2024-09-12,9.8400,9.9800,9.8200,9.8700,499533
2024-09-11,9.8000,9.8350,9.6701,9.8000,596884
2024-09-10,9.7500,9.8150,9.7200,9.7600,464709
2024-09-09,9.8100,9.8500,9.7100,9.7200,416354
2024-09-06,9.8000,9.8399,9.6600,9.7400,445852
2024-09-05,9.7900,9.8700,9.7500,9.8400,451563
2024-09-04,9.7800,9.8299,9.7200,9.7900,640214
2024-09-03,10.0000,10.1500,10.0000,10.0800,795040
2024-08-30,10.0700,10.1154,10.0100,10.0500,384118
2024-08-29,10.0300,10.0700,9.9700,10.0100,362500
2024-08-28,10.1100,10.1400,9.9900,9.9900,285704
2024-08-27,10.0200,10.1400,10.0100,10.0900,539550
2024-08-26,10.1600,10.1600,10.0300,10.0500,418568
2024-08-23,10.0200,10.1107,9.9800,10.1000,350483
2024-08-22,10.0100,10.0400,9.9632,9.9800,308067
2024-08-21,9.9800,10.0150,9.9500,9.9700,371637
2024-08-20,10.0800,10.0800,9.9425,9.9900,265677
2024-08-19,10.0000,10.0800,9.9740,10.0700,669814
2024-08-16,9.9100,10.0300,9.9100,9.9700,375436
2024-08-15,9.9800,10.0000,9.9000,9.9500,333141
2024-08-14,9.9400,9.9490,9.8100,9.9100,414028
2024-08-13,9.7800,9.9100,9.7800,9.9000,346791
2024-08-12,10.0000,10.0600,9.7500,9.7600,307973
2024-08-09,10.0400,10.1800,9.8550,9.9700,398018
2024-08-08,9.8800,9.9800,9.5800,9.9700,559297
2024-08-07,9.5100,9.5650,9.3825,9.4500,460398
2024-08-06,9.4000,9.5400,9.3200,9.4100,393847
2024-08-05,9.5000,9.5100,9.1458,9.2800,814877
2024-08-02,9.9500,9.9900,9.7600,9.7600,471112
2024-08-01,10.0900,10.1000,9.9600,10.0200,464517
2024-07-31,10.1800,10.1800,10.0400,10.0400,417497
2024-07-30,10.1300,10.1600,10.0400,10.1400,348641
2024-07-29,10.1900,10.2000,10.0400,10.1000,303251
2024-07-26,10.0300,10.1800,10.0109,10.1400,372890
2024-07-25,9.8900,10.0500,9.8900,9.9900,219247
2024-07-24,10.0600,10.1080,9.8905,9.9100,280504
2024-07-23,10.0600,10.1300,10.0500,10.1000,163846
2024-07-22,10.0500,10.1180,10.0100,10.1000,196207
2024-07-19,10.0900,10.1592,9.9950,10.0000,255068
2024-07-18,10.2000,10.2400,10.0300,10.0700,372484
2024-07-17,10.1500,10.2300,10.1150,10.1900,720309
2024-07-16,10.1100,10.1900,10.0700,10.1800,333208
2024-07-15,10.1000,10.1375,9.9700,10.1300,437588
2024-07-12,10.0800,10.1500,10.0250,10.1000,367443
2024-07-11,10.0900,10.1000,10.0300,10.0800,248034
2024-07-10,10.0500,10.0500,9.9400,10.0400,247760
2024-07-09,10.0700,10.1000,9.9900,10.0100,287345
2024-07-08,10.0100,10.0700,9.9850,10.0500,257433
2024-07-05,9.9300,10.0350,9.9200,9.9800,477429
2024-07-03,9.8100,9.9200,9.8000,9.8900,177463
2024-07-02,9.7800,9.8000,9.7038,9.7800,390882
2024-07-01,9.7500,9.7800,9.6500,9.7300,365050
2024-06-28,9.6800,9.7900,9.6500,9.7300,479801
2024-06-27,9.6700,9.7200,9.6500,9.6800,281658
2024-06-26,9.5700,9.7000,9.5500,9.7000,312855
2024-06-25,9.6300,9.6700,9.6000,9.6000,264954
2024-06-24,9.6100,9.6499,9.5600,9.6000,253390
2024-06-21,9.5700,9.5800,9.4400,9.5700,622574
2024-06-20,9.5000,9.5600,9.5000,9.5500,288814
2024-06-18,9.5900,9.6000,9.4800,9.5100,418247
2024-06-17,9.5800,9.6650,9.5299,9.5900,482882
2024-06-14,9.6000,9.6800,9.5200,9.6200,470398
2024-06-13,9.7900,9.8500,9.6300,9.6600,450892
2024-06-12,9.9500,9.9900,9.7694,9.7800,511668
2024-06-11,9.8000,9.9300,9.8000,9.8500,517086
2024-06-10,9.8000,9.8850,9.7500,9.8700,292385
2024-06-07,9.7600,9.8600,9.7600,9.8100,473579
2024-06-06,9.8500,9.9200,9.7400,9.8400,706696
2024-06-05,9.8300,9.9000,9.7700,9.8600,778840
2024-06-04,10.2000,10.2000,10.0700,10.1100,911898
2024-06-03,10.1000,10.2700,10.1000,10.1800,918983
2024-05-31,10.0500,10.0700,10.0000,10.0500,289519
2024-05-30,9.9700,10.0150,9.9448,9.9900,251217
2024-05-29,9.9600,9.9850,9.8800,9.9000,323912
2024-05-28,9.9600,10.0350,9.9300,9.9900,434295
2024-05-24,9.8100,9.9500,9.8000,9.9500,281893
2024-05-23,9.8600,9.8600,9.7400,9.7500,349982
2024-05-22,9.9200,9.9300,9.7700,9.8000,375735
2024-05-21,9.8500,9.9100,9.8350,9.8900,360724
2024-05-20,9.8200,9.8800,9.8000,9.8300,279710
2024-05-17,9.8500,9.8800,9.8250,9.8400,202302
2024-05-16,9.7900,9.8750,9.7717,9.8200,316435
2024-05-15,9.9000,9.9200,9.7400,9.7700,408680
2024-05-14,9.8000,9.9100,9.8000,9.8300,395665
2024-05-13,9.7400,9.8000,9.7300,9.8000,328880
2024-05-10,9.7000,9.7900,9.6500,9.7200,453164
2024-05-09,9.4900,9.7900,9.4900,9.6700,524400
2024-05-08,9.5000,9.6100,9.4050,9.4500,483049
2024-05-07,9.6100,9.6400,9.5300,9.5800,378610
2024-05-06,9.5400,9.7100,9.5100,9.6300,400210
2024-05-03,9.5000,9.5436,9.4500,9.4700,281567
2024-05-02,9.5700,9.5700,9.4100,9.4300,362200
2024-05-01,9.3200,9.5100,9.3200,9.5000,342361
2024-04-30,9.3200,9.3450,9.2500,9.2800,319738
2024-04-29,9.3500,9.4100,9.2950,9.3400,342892
2024-04-26,9.2500,9.3450,9.2300,9.3200,235876
2024-04-25,9.2400,9.2850,9.2100,9.2400,333432
2024-04-24,9.2500,9.2760,9.2100,9.2500,346773
2024-04-23,9.3600,9.4200,9.2450,9.2600,620716
2024-04-22,9.2200,9.3500,9.2200,9.3200,536120
2024-04-19,9.2500,9.2750,9.1900,9.1900,401111
2024-04-18,9.2600,9.3600,9.2250,9.2500,419972
2024-04-17,9.2000,9.2600,9.1700,9.2200,250550
2024-04-16,9.1100,9.1800,9.0500,9.1800,366142
2024-04-15,9.2800,9.2900,9.1000,9.1300,326077
2024-04-12,9.3800,9.3850,9.1500,9.1700,320708
2024-04-11,9.2500,9.4100,9.2100,9.4100,490231
2024-04-10,9.2600,9.3800,9.2000,9.2600,381883
2024-04-09,9.2400,9.3800,9.2400,9.3800,540386
2024-04-08,9.3400,9.3899,9.2400,9.2600,393876
2024-04-05,9.2100,9.3100,9.2100,9.3000,273076
2024-04-04,9.3000,9.3400,9.1800,9.2000,441130
2024-04-03,9.2300,9.3100,9.2200,9.2500,425963
2024-04-02,9.2000,9.2850,9.1700,9.2300,410867
2024-04-01,9.3200,9.3400,9.2000,9.2300,420059
2024-03-28,9.2500,9.3100,9.2500,9.3000,568888
2024-03-27,9.1100,9.1900,9.0300,9.1800,514478
2024-03-26,9.1000,9.1000,9.0502,9.0900,414137
2024-03-25,9.0200,9.1080,8.9900,9.0300,619510
2024-03-22,9.1700,9.1700,8.9900,9.0300,665299
2024-03-21,9.1000,9.2074,9.1000,9.1500,611649
2024-03-20,9.0800,9.1000,8.9600,9.0600,1012503
2024-03-19,9.1000,9.2200,9.1000,9.1100,451027
2024-03-18,9.2600,9.2700,9.1200,9.1700,703525
2024-03-15,9.1200,9.3000,9.1200,9.2300,834347
2024-03-14,9.3900,9.4000,9.0950,9.1400,946466
2024-03-13,9.5400,9.5600,9.4000,9.4000,590390
2024-03-12,9.5000,9.5600,9.4300,9.5600,622159
2024-03-11,9.6400,9.7800,9.4400,9.4500,1832208
2024-03-08,9.6200,9.7000,9.5787,9.6900,570221
2024-03-07,9.5500,9.6350,9.5450,9.5900,540587
2024-03-06,9.5700,9.6000,9.4800,9.5400,810566
2024-03-05,9.5400,9.6500,9.4000,9.4000,821122
2024-03-04,9.8600,9.8700,9.7701,9.8200,1264554
2024-03-01,9.8100,9.8400,9.7190,9.8300,516177
2024-02-29,9.7100,9.8050,9.6501,9.8000,544811
2024-02-28,9.8900,9.8900,9.6900,9.7000,515952
2024-02-27,9.7500,9.8800,9.7336,9.8800,668548
2024-02-26,9.7800,9.7950,9.6100,9.7500,934751
2024-02-23,9.1300,9.7200,9.1300,9.6300,1374270
2024-02-22,9.1300,9.2100,9.0800,9.1800,348069
2024-02-21,9.1300,9.1300,9.0600,9.1000,321011
2024-02-20,8.9600,9.1100,8.9600,9.1100,404500
2024-02-16,8.9800,9.0200,8.9198,9.0000,179559
2024-02-15,8.8600,9.0000,8.8600,8.9800,351452
2024-02-14,8.8500,8.8900,8.7900,8.8300,341456
2024-02-13,8.8900,8.8900,8.7950,8.8300,321164
2024-02-12,8.8500,8.9300,8.8300,8.9100,240921
2024-02-09,8.8100,8.8300,8.7700,8.8300,286638
2024-02-08,8.7600,8.8450,8.7425,8.7800,366264
2024-02-07,8.7900,8.8900,8.7300,8.8100,493035
2024-02-06,8.7800,8.7800,8.6900,8.7400,325561
2024-02-05,8.8200,8.8400,8.6700,8.7800,454657
2024-02-02,8.8200,8.9300,8.8100,8.8600,385715
2024-02-01,8.9500,8.9600,8.7600,8.8500,557596
2024-01-31,9.1000,9.1350,8.9800,8.9800,341191
2024-01-30,9.0600,9.1500,9.0200,9.1300,278763
2024-01-29,9.2100,9.2300,9.0400,9.0900,396981
2024-01-26,9.1100,9.2200,9.1100,9.2200,444483
2024-01-25,9.0300,9.0800,9.0000,9.0800,223171
2024-01-24,9.0200,9.0500,9.0050,9.0100,411469
2024-01-23,8.9100,9.0200,8.9100,9.0100,306480
2024-01-22,8.8600,8.9150,8.8600,8.8900,365734
2024-01-19,8.8400,8.8600,8.7900,8.8400,347538
2024-01-18,8.8200,8.8600,8.7170,8.8100,555847
2024-01-17,8.8200,8.8700,8.8100,8.8600,266026
2024-01-16,8.9000,8.9000,8.8400,8.8700,340965
2024-01-12,8.9100,8.9350,8.8700,8.8900,338888
2024-01-11,8.9000,8.9500,8.8100,8.8500,352046
2024-01-10,8.8900,8.9300,8.8801,8.9200,310392
2024-01-09,8.9600,8.9600,8.8700,8.8900,347589
2024-01-08,8.9900,9.0000,8.9300,8.9600,281753
2024-01-05,8.9200,8.9800,8.8900,8.9500,332142
2024-01-04,8.7000,8.9400,8.7000,8.9400,406604
2024-01-03,8.7300,8.7450,8.6350,8.7000,401141
2024-01-02,8.5600,8.8000,8.5500,8.7900,714303
2023-12-29,8.6100,8.6600,8.5700,8.5800,874652
2023-12-28,8.6800,8.7190,8.5500,8.6100,580704
2023-12-27,8.7500,8.7500,8.6100,8.6800,720040
2023-12-26,8.7400,8.7600,8.6900,8.6900,431555
2023-12-22,8.7400,8.8200,8.7100,8.7100,500624
2023-12-21,8.7500,8.7700,8.6800,8.7100,341843
2023-12-20,8.8400,8.8400,8.7000,8.7100,551272
2023-12-19,8.8700,8.9100,8.8200,8.8900,395336
2023-12-18,8.8000,8.8400,8.7800,8.8200,579599
2023-12-15,8.8600,8.8600,8.7300,8.7900,1936907
2023-12-14,8.8500,8.8900,8.7800,8.8000,970887
2023-12-13,8.7900,8.8375,8.7300,8.8200,743539
2023-12-12,8.7300,8.8300,8.7000,8.8000,669892
2023-12-11,8.7500,8.8500,8.7100,8.7300,722400
2023-12-08,8.6800,8.7300,8.6650,8.7200,461685
2023-12-07,8.6000,8.6950,8.6000,8.6600,555558
2023-12-06,8.6100,8.6699,8.6000,8.6300,587346
2023-12-05,8.7700,8.8700,8.6100,8.6100,898605
2023-12-04,9.0600,9.1300,8.9950,9.0300,1225984
2023-12-01,9.0400,9.0800,8.9700,9.0600,755952
2023-11-30,9.0000,9.0500,8.9601,9.0200,318509
2023-11-29,9.0000,9.0300,8.9700,8.9800,404303
2023-11-28,9.0400,9.0600,8.9200,8.9300,600506
2023-11-27,9.0900,9.1000,9.0100,9.0100,531195
2023-11-24,9.0000,9.1100,8.9900,9.0700,219830
2023-11-22,9.0000,9.0100,8.9500,8.9700,281190
2023-11-21,8.9300,8.9900,8.9300,8.9500,340353
2023-11-20,8.9400,8.9900,8.9100,8.9500,379363
2023-11-17,8.9400,8.9700,8.8600,8.9400,329989
2023-11-16,8.9400,8.9900,8.8500,8.8500,376965
2023-11-15,8.9700,9.0100,8.8900,8.9200,425425
2023-11-14,8.8700,8.9500,8.7800,8.9500,518404
2023-11-13,8.8500,8.8600,8.5600,8.7400,1083920
2023-11-10,9.3900,9.3900,8.9190,8.9400,786395
2023-11-09,9.3200,9.4700,9.2900,9.3900,501492
2023-11-08,9.2300,9.3000,9.2000,9.3000,314679
2023-11-07,9.2300,9.2500,9.1300,9.2400,324826
2023-11-06,9.2900,9.2900,9.1500,9.2500,300651
2023-11-03,9.2300,9.3200,9.2200,9.2900,320444
2023-11-02,9.0500,9.1700,9.0500,9.1700,346403
2023-11-01,8.8700,9.0000,8.8700,8.9700,348971
2023-10-31,8.8200,8.9500,8.7800,8.8400,299589
2023-10-30,8.7200,8.8400,8.7200,8.7900,264849
2023-10-27,8.7500,8.7800,8.6000,8.6600,268300
2023-10-26,8.6800,8.8100,8.6800,8.7500,261238
2023-10-25,8.8000,8.8450,8.6950,8.7300,461744
2023-10-24,8.8300,8.9150,8.8100,8.8100,400608
2023-10-23,8.8400,8.8900,8.7500,8.8200,360919
2023-10-20,8.8900,8.9200,8.7550,8.8400,463239
2023-10-19,9.0000,9.0000,8.8700,8.9000,309294
2023-10-18,9.0500,9.1000,8.9800,8.9800,268637
2023-10-17,9.1300,9.1400,8.9900,9.0700,595309
2023-10-16,8.9900,9.1700,8.9900,9.1400,548523
2023-10-13,9.0000,9.0490,8.9400,8.9700,296485
2023-10-12,9.0600,9.0690,8.9100,9.0000,364443
2023-10-11,9.0100,9.0600,8.9800,9.0500,365999
2023-10-10,9.0600,9.0750,8.9550,8.9800,382313
2023-10-09,8.9500,9.0800,8.9500,9.0100,530111
2023-10-06,9.0500,9.0500,8.9200,8.9600,483142
2023-10-05,8.9200,9.0693,8.9100,9.0400,806826
2023-10-04,8.6400,8.9400,8.6400,8.9400,1206117
2023-10-03,8.7000,8.7400,8.5450,8.6200,483342
2023-10-02,8.9900,8.9900,8.7400,8.7600,389029
2023-09-29,8.9900,9.0191,8.9100,8.9100,345231
2023-09-28,8.7900,8.9600,8.7900,8.9100,521051
2023-09-27,8.7100,8.7900,8.7100,8.7600,284742
2023-09-26,8.7000,8.7600,8.6600,8.6800,319886
2023-09-25,8.8000,8.8050,8.7100,8.7400,359050
2023-09-22,8.7800,8.8500,8.7500,8.8000,261278
2023-09-21,8.8300,8.8302,8.7200,8.7300,293699
2023-09-20,8.9500,9.0000,8.9000,8.9100,308442
2023-09-19,8.9300,8.9700,8.9100,8.9500,226040
2023-09-18,8.9300,8.9552,8.8812,8.9300,218602
2023-09-15,8.9400,8.9600,8.8950,8.9000,345682
2023-09-14,8.9600,9.0400,8.9400,8.9400,505152
2023-09-13,8.9800,8.9900,8.8800,8.9000,403060
2023-09-12,8.9700,9.0000,8.9200,8.9400,534477
2023-09-11,8.9000,9.0000,8.8800,8.9700,385833
2023-09-08,8.7900,8.9100,8.7610,8.9000,343289
2023-09-07,8.7500,8.7950,8.7200,8.7800,474508
2023-09-06,8.8700,8.9099,8.7700,8.7900,546209
2023-09-05,9.0600,9.0600,8.8700,8.8900,903545
2023-09-01,9.3500,9.3700,9.2950,9.3400,1099377
2023-08-31,9.3500,9.3500,9.2800,9.2800,909455
2023-08-30,9.3300,9.3500,9.2600,9.2900,1230630
2023-08-29,9.3000,9.3100,9.2450,9.2800,729407
2023-08-28,9.2300,9.2607,9.1900,9.2200,980008
2023-08-25,9.1500,9.2390,9.1100,9.1600,677038
2023-08-24,9.1100,9.1950,9.1100,9.1100,432511
2023-08-23,9.1100,9.2200,9.1000,9.1100,770073
2023-08-22,9.1400,9.1799,9.0500,9.0500,494266
2023-08-21,9.1800,9.2300,9.1100,9.1200,615186
2023-08-18,9.0900,9.2250,9.0800,9.1500,494258
2023-08-17,9.2100,9.2550,9.1100,9.1200,360304
2023-08-16,9.0300,9.2600,9.0300,9.2400,731289
2023-08-15,9.0000,9.0750,8.9700,9.0300,317516
2023-08-14,9.1400,9.2350,9.0500,9.0700,719981
2023-08-11,9.0200,9.1400,8.9800,9.1300,681961
2023-08-10,8.7300,9.0800,8.6100,8.9600,904406
2023-08-09,8.5100,8.5800,8.4700,8.5500,444007
2023-08-08,8.4000,8.4800,8.2700,8.4700,385488
2023-08-07,8.4300,8.5300,8.4100,8.4800,405517
2023-08-04,8.3600,8.4650,8.3200,8.4300,244521
2023-08-03,8.3300,8.3600,8.2800,8.3400,207838
2023-08-02,8.3000,8.3600,8.2500,8.3400,296561
2023-08-01,8.3600,8.3850,8.3100,8.3300,302141
2023-07-31,8.3600,8.3700,8.3100,8.3500,365286
2023-07-28,8.2900,8.3400,8.2600,8.3200,396620
2023-07-27,8.2300,8.3200,8.2300,8.2700,722329
2023-07-26,8.1100,8.2200,8.1100,8.2000,382316
2023-07-25,8.1500,8.2000,8.0800,8.0800,524422
2023-07-24,8.0600,8.1500,8.0500,8.1100,398714
2023-07-21,8.0300,8.0700,7.9700,8.0500,361267
2023-07-20,8.0200,8.0750,7.9400,7.9500,720300
2023-07-19,8.0300,8.0900,8.0000,8.0100,413030
2023-07-18,7.9400,8.0400,7.9200,8.0100,498522
2023-07-17,7.9000,7.9400,7.8650,7.9200,352302
2023-07-14,7.8700,7.9299,7.8200,7.9000,398640
2023-07-13,7.8000,7.8800,7.7950,7.8700,451979
2023-07-12,7.7800,7.8200,7.7100,7.8000,441775
2023-07-11,7.7200,7.7700,7.6900,7.7000,1229035
2023-07-10,7.7900,7.8100,7.6700,7.6900,385302
2023-07-07,7.6300,7.7550,7.6300,7.7200,369416
2023-07-06,7.7300,7.7500,7.6000,7.6500,460146
2023-07-05,7.8500,7.8900,7.8100,7.8100,344189
2023-07-03,7.8500,7.8975,7.8250,7.8800,138146
2023-06-30,7.8900,7.9300,7.8200,7.8400,325112
2023-06-29,7.8400,7.9000,7.8400,7.8700,178503
2023-06-28,7.8100,7.8800,7.7700,7.8400,259098
2023-06-27,7.7300,7.8400,7.7050,7.8000,340446
2023-06-26,7.6000,7.7350,7.6000,7.7100,329122
2023-06-23,7.6100,7.6600,7.5773,7.6200,391103
2023-06-22,7.7300,7.7500,7.6850,7.7100,282087
2023-06-21,7.7400,7.8000,7.7000,7.7600,266744
2023-06-20,7.7300,7.8250,7.7300,7.7500,490696
2023-06-16,8.0100,8.0500,7.7200,7.7300,1117223
2023-06-15,7.8900,8.0300,7.8600,8.0100,729245
2023-06-14,7.9700,7.9700,7.8550,7.8700,649105
2023-06-13,7.9300,7.9475,7.8700,7.9000,416999
2023-06-12,7.8000,7.9700,7.8000,7.8900,918676
2023-06-09,7.7800,7.8300,7.7800,7.8100,393233
2023-06-08,7.7200,7.8000,7.7200,7.7700,471922
2023-06-07,7.6800,7.7550,7.6500,7.7200,384999
2023-06-06,7.6900,7.7300,7.6100,7.6600,467955
2023-06-05,8.0400,8.0500,7.9300,7.9400,828400
2023-06-02,7.9800,7.9800,7.8200,7.9600,551104
2023-06-01,7.9700,7.9700,7.8909,7.9200,411697
2023-05-31,7.9400,7.9800,7.9050,7.9400,396446
2023-05-30,7.9500,8.0100,7.9000,7.9500,399075
2023-05-26,7.8600,7.9673,7.8600,7.9100,393737
2023-05-25,7.8000,7.9250,7.8000,7.8400,394856
2023-05-24,7.8100,7.8686,7.8000,7.8500,288915
2023-05-23,7.9100,7.9600,7.8600,7.8800,280473
2023-05-22,7.9000,7.9380,7.8401,7.8900,447535
2023-05-19,7.8500,7.8900,7.8300,7.8500,471561
2023-05-18,7.6900,7.8150,7.6700,7.8000,783916
2023-05-17,7.5800,7.6400,7.5500,7.6100,366285
2023-05-16,7.5000,7.6000,7.5000,7.5400,528171
2023-05-15,7.4000,7.5200,7.3950,7.4600,462056
2023-05-12,7.4000,7.4200,7.3300,7.3500,346650
2023-05-11,7.1900,7.3850,7.1900,7.3700,430011
2023-05-10,7.2300,7.2500,7.1711,7.2400,627646
2023-05-09,7.1700,7.2500,7.1500,7.1900,370012
2023-05-08,7.2300,7.3050,7.1900,7.2300,594011
2023-05-05,7.2900,7.3990,6.9600,7.2500,857632
2023-05-04,7.3600,7.4000,7.2500,7.3000,722609
2023-05-03,7.4700,7.5463,7.4200,7.4300,485749
2023-05-02,7.5500,7.5990,7.3700,7.4600,475364
2023-05-01,7.6300,7.6900,7.5600,7.5900,373967
2023-04-28,7.5000,7.6600,7.5000,7.6200,465154
2023-04-27,7.4300,7.5800,7.4300,7.5400,313512
2023-04-26,7.5300,7.5650,7.4050,7.4300,563666
2023-04-25,7.5500,7.5900,7.4500,7.4700,339179
2023-04-24,7.5500,7.6400,7.5400,7.5800,297169
2023-04-21,7.5600,7.5800,7.5050,7.5400,194080
2023-04-20,7.6100,7.6450,7.5000,7.5200,329576
2023-04-19,7.5400,7.6900,7.5400,7.6700,292480
2023-04-18,7.7100,7.7100,7.5400,7.5900,564152
2023-04-17,7.6200,7.7700,7.6100,7.7600,346403
2023-04-14,7.6900,7.7900,7.5500,7.6000,889503
2023-04-13,7.5000,7.6463,7.4700,7.6400,424082
2023-04-12,7.6100,7.6417,7.4550,7.4800,716118
2023-04-11,7.6400,7.6791,7.5750,7.5900,424568
2023-04-10,7.6700,7.7300,7.4800,7.6000,623342
2023-04-06,7.6400,7.7200,7.6100,7.6900,273001
2023-04-05,7.7600,7.7600,7.6200,7.6200,419803
2023-04-04,7.9400,7.9400,7.7700,7.8000,333142
2023-04-03,7.9400,7.9850,7.8600,7.9100,327263
2023-03-31,7.8600,7.9599,7.8550,7.9400,484655
2023-03-30,7.8200,7.8900,7.7900,7.8200,423885
2023-03-29,7.7700,7.8050,7.7011,7.7600,537842
2023-03-28,7.8100,7.8492,7.6900,7.7000,758160
2023-03-27,7.8400,7.8500,7.7600,7.7900,250056
2023-03-24,7.6100,7.7800,7.5500,7.7600,241850
2023-03-23,7.7100,7.7699,7.6100,7.6700,790544
2023-03-22,7.7400,7.8200,7.6700,7.6800,550383
2023-03-21,7.6000,7.7494,7.6000,7.7400,496777
2023-03-20,7.5600,7.6900,7.5100,7.5600,477957
2023-03-17,7.6500,7.7100,7.4700,7.4700,1135521
2023-03-16,7.6600,7.7600,7.5100,7.6900,665501
2023-03-15,7.6000,7.7100,7.5150,7.7100,1157471
2023-03-14,7.8500,7.9500,7.6650,7.7000,972351
2023-03-13,7.6500,7.7100,7.4550,7.6100,1124144
2023-03-10,7.9600,8.0200,7.6500,7.7200,1369933
2023-03-09,8.2500,8.2650,7.9900,7.9900,735555
2023-03-08,8.2200,8.3250,8.2100,8.2800,430129
2023-03-07,8.4400,8.4800,8.2000,8.2200,737865
2023-03-06,8.6600,8.7800,8.6400,8.7100,898848
2023-03-03,8.5500,8.6500,8.5000,8.6100,576443
2023-03-02,8.5500,8.5500,8.4300,8.5000,485861
2023-03-01,8.6700,8.7000,8.5500,8.5800,416572
2023-02-28,8.7000,8.7100,8.5900,8.6700,489308
2023-02-27,8.6600,8.8700,8.6500,8.6500,650251
2023-02-24,8.8200,9.0200,8.6000,8.6400,1307493
2023-02-23,8.6500,8.7100,8.6100,8.6600,333219
2023-02-22,8.5800,8.6700,8.5750,8.6100,342393
2023-02-21,8.6900,8.6999,8.5200,8.5400,357378
2023-02-17,8.6300,8.7450,8.6300,8.7300,239090
2023-02-16,8.6100,8.7500,8.5507,8.6600,254476
2023-02-15,8.6100,8.7000,8.5240,8.6800,289054
2023-02-14,8.6400,8.6850,8.6100,8.6700,331528
2023-02-13,8.6200,8.6700,8.6000,8.6500,341703
2023-02-10,8.5600,8.6500,8.4450,8.6500,396560
2023-02-09,8.8600,8.8700,8.5301,8.5900,785439
2023-02-08,8.6800,8.8000,8.6800,8.7900,605546
2023-02-07,8.7900,8.8600,8.6800,8.7300,436905
2023-02-06,8.8200,8.8514,8.7050,8.7600,243104
2023-02-03,8.8000,8.9100,8.7900,8.8900,328609
2023-02-02,8.8500,8.9100,8.7800,8.8400,465384
2023-02-01,8.6900,8.8200,8.6604,8.7600,864178
2023-01-31,8.6500,8.7600,8.6500,8.7600,281464
2023-01-30,8.7000,8.8072,8.6400,8.6500,279619
2023-01-27,8.5800,8.7800,8.5800,8.7800,298242
2023-01-26,8.6100,8.6300,8.5200,8.6000,449036
2023-01-25,8.6300,8.6600,8.5201,8.5400,335900
2023-01-24,8.6900,8.7300,8.6400,8.6500,347472
2023-01-23,8.6700,8.7200,8.6500,8.6800,383169
2023-01-20,8.6900,8.7100,8.6400,8.6700,420007
2023-01-19,8.7700,8.8250,8.6750,8.6900,262113
2023-01-18,8.9200,8.9800,8.8300,8.8300,374574
2023-01-17,8.8700,8.9499,8.8700,8.8900,348896
2023-01-13,8.9000,8.9400,8.8600,8.8600,415778
2023-01-12,8.8500,8.9950,8.8200,8.9500,458505
2023-01-11,8.6600,8.8100,8.6200,8.8000,432421
2023-01-10,8.6100,8.6600,8.5300,8.6000,374027
2023-01-09,8.5400,8.6500,8.5101,8.5500,624973
2023-01-06,8.4000,8.4600,8.3400,8.4000,751876
2023-01-05,8.4700,8.4700,8.3050,8.3700,296871
2023-01-04,8.3000,8.5200,8.2700,8.4700,443282
2023-01-03,8.2100,8.2700,8.1501,8.2200,514002
2022-12-30,8.1600,8.2900,8.1300,8.1500,570477
2022-12-29,8.1100,8.2600,8.0800,8.2300,573963
2022-12-28,8.2000,8.2686,8.0999,8.1000,468349
2022-12-27,8.2900,8.3700,8.1900,8.2700,631073
2022-12-23,8.2100,8.2700,8.1500,8.2500,600740
2022-12-22,8.1200,8.2200,8.0200,8.2000,596486
2022-12-21,8.2000,8.2780,8.1000,8.1200,831604
2022-12-20,8.1200,8.2300,8.0900,8.1400,604752
2022-12-19,8.2000,8.2650,8.1200,8.1500,443998
2022-12-16,8.3700,8.4500,8.1100,8.2200,1291459
2022-12-15,8.5100,8.5500,8.4400,8.4900,475862
2022-12-14,8.7400,8.7700,8.5450,8.6100,600590
2022-12-13,8.8000,8.8700,8.6800,8.7100,472581
2022-12-12,8.6200,8.6900,8.6000,8.6500,399883
2022-12-09,8.5900,8.6950,8.5550,8.6200,270602
2022-12-08,8.5900,8.7000,8.5700,8.6100,541959
2022-12-07,8.6100,8.7200,8.5800,8.5900,490421
2022-12-06,8.7800,8.8225,8.5600,8.6400,627900
2022-12-05,9.2000,9.2000,9.0019,9.0400,676976
2022-12-02,9.1500,9.2300,9.0500,9.1800,440949
2022-12-01,9.1900,9.2800,9.1900,9.2100,379176
2022-11-30,9.0800,9.2000,8.9750,9.1900,440081
2022-11-29,9.1000,9.1900,9.0700,9.1400,407540
2022-11-28,9.1300,9.2488,9.0400,9.0700,454128
2022-11-25,9.1200,9.2300,9.1107,9.2000,156362
2022-11-23,9.2000,9.2800,9.1000,9.1200,308752
2022-11-22,9.1700,9.2762,9.1400,9.2600,429909
2022-11-21,8.9600,9.0900,8.9500,9.0800,452245
2022-11-18,9.0500,9.0750,8.9800,8.9900,214774
2022-11-17,8.8900,9.0300,8.8900,9.0200,218652
2022-11-16,9.0500,9.1327,8.9888,9.0000,355821
2022-11-15,8.8800,9.2000,8.8601,9.0000,572949
2022-11-14,8.8900,9.0100,8.7300,8.7500,694326
2022-11-11,9.0700,9.2400,9.0200,9.1600,392813
2022-11-10,9.0400,9.2300,9.0300,9.1000,444292
2022-11-09,8.9400,9.1499,8.9000,8.9000,253122
2022-11-08,9.2000,9.2000,8.9900,9.0100,328138
2022-11-07,9.0000,9.1800,9.0000,9.1300,502869
2022-11-04,8.8800,9.1050,8.8600,8.9600,374503
2022-11-03,8.8200,8.8801,8.7400,8.7800,290699
2022-11-02,8.8500,9.0397,8.7644,8.9100,403087
2022-11-01,9.0100,9.0100,8.8300,8.8700,187407
2022-10-31,8.9400,9.0150,8.8700,8.9100,290774
2022-10-28,8.8400,9.0184,8.7900,8.9900,419960
2022-10-27,8.7900,8.9400,8.7800,8.8200,313878
2022-10-26,8.7800,8.9100,8.7500,8.7700,324836
2022-10-25,8.5000,8.8500,8.4700,8.8100,296622
2022-10-24,8.2700,8.5300,8.2700,8.4300,643618
2022-10-21,8.3600,8.3650,8.2100,8.3300,431044
2022-10-20,8.3500,8.5090,8.3400,8.3400,338497
2022-10-19,8.4100,8.4950,8.3700,8.4000,439677
2022-10-18,8.5200,8.6500,8.4000,8.4400,361779
2022-10-17,8.4000,8.5350,8.3400,8.4000,398879
2022-10-14,8.2600,8.4650,8.2500,8.2700,444749
2022-10-13,8.0100,8.2800,7.8900,8.2200,515166
2022-10-12,8.1000,8.1350,7.9900,8.0800,300725
2022-10-11,8.0600,8.1488,7.9700,8.0800,388088
2022-10-10,8.1900,8.2400,8.0500,8.0600,402519
2022-10-07,8.3600,8.3800,8.1600,8.1900,412319
2022-10-06,8.4800,8.5900,8.4000,8.4100,310220
2022-10-05,8.6300,8.6300,8.3800,8.5200,516392
2022-10-04,8.4200,8.7400,8.4000,8.7400,428752
2022-10-03,8.3400,8.3600,8.0400,8.3100,558018
2022-09-30,8.3200,8.4443,8.2300,8.2700,619465
2022-09-29,8.5800,8.5800,8.2500,8.3200,841981
2022-09-28,8.5300,8.7100,8.5300,8.6700,394284
2022-09-27,8.5100,8.7600,8.4750,8.5400,754690
2022-09-26,8.7200,8.7650,8.4000,8.4200,980544
2022-09-23,9.1000,9.1000,8.7400,8.8000,730844
2022-09-22,9.3900,9.3950,9.1200,9.1200,525647
2022-09-21,9.4400,9.5000,9.3500,9.3500,333592
2022-09-20,9.4700,9.5100,9.3710,9.4300,479288
2022-09-19,9.5000,9.6194,9.5000,9.5400,623463
2022-09-16,9.6400,9.6800,9.5500,9.6300,949318
2022-09-15,9.6500,9.7700,9.6500,9.7000,299675
2022-09-14,9.6900,9.7800,9.5800,9.6600,495300
2022-09-13,9.6100,9.7500,9.6000,9.6000,331550
2022-09-12,9.7700,9.7800,9.6200,9.7200,628483
2022-09-09,9.6300,9.7400,9.6300,9.7200,223042
2022-09-08,9.5100,9.6450,9.4600,9.6200,261506
2022-09-07,9.4800,9.5500,9.4100,9.5200,361114
2022-09-06,9.5700,9.6000,9.3100,9.4700,666332
2022-09-02,9.8400,9.9245,9.7900,9.8200,459451
2022-09-01,9.9400,10.0100,9.7200,9.7600,757964
2022-08-31,9.9900,10.0399,9.9300,9.9700,554724
2022-08-30,10.0600,10.0892,9.9450,9.9900,562142
2022-08-29,10.0700,10.1000,10.0150,10.0200,364598
2022-08-26,10.1500,10.2200,10.0600,10.0800,290638
2022-08-25,10.2500,10.2500,10.1650,10.2100,276063
2022-08-24,10.1300,10.2100,10.0800,10.2000,253085
2022-08-23,10.0900,10.1800,10.0600,10.0900,297680
2022-08-22,10.1100,10.1100,10.0150,10.0300,294818
2022-08-19,10.2500,10.2600,10.1500,10.1600,259134
2022-08-18,10.1800,10.2825,10.1697,10.2500,271095
2022-08-17,10.1800,10.3100,10.1800,10.2100,516876
2022-08-16,10.2800,10.4200,10.2700,10.4100,301466
2022-08-15,10.4000,10.4550,10.2850,10.3400,467669
2022-08-12,10.3500,10.4700,10.2800,10.4000,624604
2022-08-11,10.1100,10.3400,10.1100,10.2900,635226
2022-08-10,10.0900,10.3900,10.0500,10.3400,493600
2022-08-09,10.1500,10.1500,10.0250,10.0400,382875
2022-08-08,9.9900,10.2400,9.9900,10.1300,592282
2022-08-05,9.9000,10.0000,9.8900,9.9400,284558
2022-08-04,9.9200,9.9500,9.8550,9.9100,605235
2022-08-03,9.8100,9.9200,9.7500,9.9000,384916
2022-08-02,9.8900,9.9000,9.7600,9.7900,395901
2022-08-01,9.8300,9.9400,9.7900,9.8800,245431
2022-07-29,9.7800,9.9400,9.7500,9.8400,355507
2022-07-28,9.6600,9.8099,9.6600,9.7800,273170
2022-07-27,9.6700,9.7200,9.5800,9.6700,326972
2022-07-26,9.5100,9.6150,9.5100,9.5800,343917
2022-07-25,9.6300,9.6300,9.5100,9.5300,270823
2022-07-22,9.6400,9.6900,9.6000,9.6300,243697
2022-07-21,9.6800,9.7500,9.5800,9.6300,206425
2022-07-20,9.6000,9.7550,9.5800,9.6900,398025
2022-07-19,9.5900,9.6500,9.5350,9.6100,316096
2022-07-18,9.5900,9.5950,9.4600,9.5000,222637
2022-07-15,9.3500,9.4800,9.3100,9.4400,317756
2022-07-14,9.3200,9.4300,9.2600,9.3400,343708
2022-07-13,9.4000,9.4800,9.3700,9.4000,334783
2022-07-12,9.4400,9.5400,9.4400,9.4600,229754
2022-07-11,9.4900,9.5200,9.4100,9.4100,304140
2022-07-08,9.5000,9.5300,9.4400,9.5000,236523
2022-07-07,9.4200,9.5400,9.4200,9.5200,316010
2022-07-06,9.5000,9.5300,9.3500,9.4200,239742
2022-07-05,9.4100,9.5200,9.3100,9.5100,317196
2022-07-01,9.2800,9.5250,9.2600,9.5100,366514
2022-06-30,9.2700,9.4100,9.2650,9.3100,835730
2022-06-29,9.4300,9.4700,9.3300,9.3800,548077
2022-06-28,9.5300,9.6200,9.4300,9.4700,520629
2022-06-27,9.3500,9.5600,9.3300,9.5000,510775
2022-06-24,9.3000,9.4100,9.2700,9.3700,511979
2022-06-23,9.3500,9.3601,9.1800,9.2400,503151
2022-06-22,9.3000,9.4000,9.2700,9.3200,515134
2022-06-21,9.3900,9.5000,9.3235,9.3600,705595
2022-06-17,9.2500,9.4500,9.2300,9.3000,1321143
2022-06-16,9.4900,9.5500,9.2400,9.2800,1409093
2022-06-15,9.6700,9.7400,9.5050,9.5800,744675
2022-06-14,9.7300,9.7300,9.5310,9.5400,1318799
2022-06-13,9.8700,9.9100,9.6450,9.6800,1527306
2022-06-10,9.9200,10.0900,9.8900,10.0700,839200
2022-06-09,10.0400,10.1700,9.9511,10.0300,592785
2022-06-08,10.1500,10.1500,9.9800,10.0200,612415
2022-06-07,10.1500,10.1700,10.0800,10.1400,617757
2022-06-06,10.4500,10.4900,10.3600,10.4300,573726
2022-06-03,10.4500,10.4750,10.3250,10.3900,620012
2022-06-02,10.4700,10.5000,10.3501,10.4700,353849
2022-06-01,10.3600,10.4800,10.3000,10.4300,510053
2022-05-31,10.4500,10.4700,10.3400,10.3600,497118
2022-05-27,10.3700,10.5150,10.3700,10.4500,558840
2022-05-26,10.3600,10.4756,10.3200,10.3700,471843
2022-05-25,10.1700,10.3900,10.1400,10.2800,631443
2022-05-24,10.1400,10.2303,9.9900,10.1600,494369
2022-05-23,10.1700,10.2400,10.0950,10.1900,518617
2022-05-20,10.1200,10.1600,9.9200,10.1100,1187195
2022-05-19,10.1000,10.3582,10.0500,10.1000,856930
2022-05-18,10.3600,10.4900,10.1300,10.1700,657390
2022-05-17,10.4700,10.4800,10.3600,10.4200,656520
2022-05-16,10.2000,10.3399,10.1600,10.2900,542414
2022-05-13,10.1000,10.2500,10.0664,10.1600,515029
2022-05-12,10.2800,10.3599,10.0100,10.0900,813325
2022-05-11,10.3200,10.4450,10.2200,10.2800,423640
2022-05-10,10.3400,10.5500,10.2300,10.3200,895945
2022-05-09,10.3700,10.3959,10.0700,10.2000,830555
2022-05-06,10.1500,10.4400,9.9600,10.4300,834935
2022-05-05,10.1800,10.2332,9.8800,10.0400,1102422
2022-05-04,10.0700,10.2950,9.9800,10.2800,627735
2022-05-03,9.9500,10.1650,9.9500,10.1000,738527
2022-05-02,10.1500,10.1900,9.8700,9.9600,951192
2022-04-29,10.2900,10.3800,10.1700,10.1800,574266
2022-04-28,10.2500,10.3800,10.1650,10.3700,683920
2022-04-27,10.2500,10.3700,10.2400,10.2500,820021
2022-04-26,10.4600,10.5100,10.2350,10.2400,971821
2022-04-25,10.4700,10.5500,10.3301,10.5400,586013
2022-04-22,10.8000,10.8100,10.4800,10.5400,913875
2022-04-21,10.9800,10.9950,10.8000,10.8000,630649
2022-04-20,10.9500,10.9900,10.8500,10.9000,1328104
2022-04-19,10.7600,10.9200,10.7000,10.8600,1202030
2022-04-18,10.5500,10.7700,10.5300,10.7100,939293
2022-04-14,10.6100,10.7200,10.5700,10.5800,353861
2022-04-13,10.5300,10.6600,10.5200,10.6200,547779
2022-04-12,10.5100,10.6700,10.4600,10.5800,1200515
2022-04-11,10.5200,10.6900,10.4950,10.5200,676893
2022-04-08,10.3000,10.5800,10.2900,10.5300,776676
2022-04-07,10.2700,10.3300,10.2200,10.3100,625504
2022-04-06,10.3600,10.3900,10.2700,10.3000,717978
2022-04-05,10.4100,10.4800,10.3000,10.3600,733572
2022-04-04,10.4600,10.5300,10.4100,10.4400,686265
2022-04-01,10.3300,10.5700,10.3300,10.4800,675226
2022-03-31,10.3400,10.4600,10.3350,10.3400,632993
2022-03-30,10.3800,10.4000,10.3000,10.3500,648538
2022-03-29,10.3400,10.5500,10.3000,10.4100,871197
2022-03-28,10.3600,10.4600,10.2500,10.3300,916622
2022-03-25,10.2900,10.5500,10.2900,10.4100,676645
2022-03-24,10.3700,10.3900,10.2500,10.2900,691486
2022-03-23,10.3600,10.4000,10.2700,10.2800,669377
2022-03-22,10.4500,10.5338,10.3500,10.4000,686382
2022-03-21,10.2000,10.5216,10.2000,10.4500,731494
2022-03-18,10.1600,10.2500,10.1300,10.1600,1155279
2022-03-17,10.0900,10.2600,10.0850,10.1900,875907
2022-03-16,10.1300,10.2700,10.0100,10.0700,1181564
2022-03-15,10.2000,10.3740,10.1100,10.1200,862670
2022-03-14,10.1600,10.3600,10.0300,10.1400,1047285
2022-03-11,10.1800,10.2000,10.0100,10.1400,1093959
2022-03-10,10.1100,10.3700,9.8300,10.1300,1551085
2022-03-09,10.4300,10.4900,10.1900,10.3100,1182387
2022-03-08,10.4700,10.5800,10.1200,10.3400,1376366
2022-03-07,11.0100,11.0200,10.3800,10.4200,2355839
2022-03-04,10.8900,10.9462,10.6500,10.7000,790096
2022-03-03,10.8700,10.9100,10.7900,10.8600,149412
2022-03-02,10.7600,10.9100,10.7600,10.8400,154360
2022-03-01,10.8800,10.9200,10.6000,10.7600,235604
2022-02-28,10.8400,10.8800,10.7400,10.8600,171768
2022-02-25,10.9100,10.9300,10.7000,10.8600,169953
2022-02-24,10.5700,10.9900,10.4800,10.8400,376769
2022-02-23,10.9000,10.9900,10.7500,10.8500,177797
2022-02-22,10.7500,10.9200,10.7000,10.7700,193662
2022-02-18,10.9400,10.9700,10.7800,10.8000,174485
2022-02-17,10.9500,10.9500,10.8000,10.9200,84313
2022-02-16,10.8300,10.9800,10.7200,10.9500,102602
2022-02-15,10.8500,10.8800,10.6800,10.7900,256846
2022-02-14,11.0600,11.1400,10.9700,11.0500,164224
2022-02-11,11.2000,11.2800,11.0400,11.0800,233884
2022-02-10,11.1500,11.2400,11.1400,11.1700,141749
2022-02-09,11.1800,11.2300,11.1100,11.1400,112241
2022-02-08,11.2200,11.2500,11.1700,11.1800,129366
2022-02-07,11.2200,11.2600,11.1800,11.2000,179927
2022-02-04,11.1200,11.1900,11.0500,11.1900,114225
2022-02-03,11.1700,11.2200,11.0400,11.0700,107559
2022-02-02,11.0000,11.2100,10.9720,11.1800,243501
2022-02-01,10.8800,11.0000,10.8003,10.9700,125517
2022-01-31,10.6600,10.8650,10.6600,10.8400,111947
2022-01-28,10.7000,10.7600,10.6200,10.7300,83664
2022-01-27,10.7400,10.8700,10.7000,10.7200,142503
2022-01-26,10.7500,10.8700,10.6800,10.7500,134615
2022-01-25,10.5000,10.7500,10.4500,10.7200,132223
2022-01-24,10.5700,10.6000,10.2000,10.5600,361255
2022-01-21,10.6500,11.0000,10.6000,10.6100,305435
2022-01-20,10.7900,10.8100,10.6600,10.6700,173319
2022-01-19,10.8600,10.8850,10.7200,10.7800,142121
2022-01-18,10.9100,11.0200,10.8700,10.8900,131300
2022-01-14,11.0500,11.0600,10.8500,10.9100,315201
2022-01-13,11.1100,11.1700,11.0100,11.0500,92879
2022-01-12,11.1100,11.1900,11.0500,11.1100,116678
2022-01-11,11.0900,11.1300,11.0100,11.1100,120313
2022-01-10,11.0700,11.0900,11.0150,11.0500,99827
2022-01-07,11.0200,11.0700,10.9700,11.0500,102442
2022-01-06,11.0500,11.0868,10.9200,11.0000,131914
2022-01-05,11.1100,11.1400,10.9610,10.9800,134279
2022-01-04,11.0700,11.1200,11.0200,11.0600,167411
2022-01-03,11.0500,11.1500,10.9700,11.0000,123151
2021-12-31,10.8900,11.0300,10.8700,11.0200,226947
2021-12-30,11.0000,11.0456,10.8500,10.8500,103615
2021-12-29,10.9600,11.0500,10.9300,10.9800,114309
2021-12-28,10.9400,11.0100,10.9100,10.9100,109502
2021-12-27,11.0200,11.0200,10.8700,10.9100,201303
2021-12-23,10.9100,11.0300,10.8701,10.9800,119952
2021-12-22,10.6850,10.8700,10.6800,10.8300,99845
2021-12-21,10.7200,10.8856,10.6700,10.6800,152361
2021-12-20,10.6900,10.6900,10.4800,10.6500,215267
2021-12-17,10.7900,10.7900,10.5700,10.6200,321412
2021-12-16,10.8000,10.8500,10.6800,10.7800,289405
2021-12-15,10.8600,10.8900,10.7200,10.8100,141640
2021-12-14,10.8200,10.9900,10.7500,10.8600,197407
2021-12-13,10.9500,10.9700,10.8200,10.8700,85799
2021-12-10,10.9200,10.9800,10.8700,10.9300,87135
2021-12-09,10.9100,11.0200,10.8000,10.8700,116616
2021-12-08,11.0800,11.0800,10.8800,10.9700,121462
2021-12-07,11.0800,11.1200,10.9700,11.0000,142061
2021-12-06,11.0600,11.1300,10.9500,11.0400,186006
2021-12-03,11.1200,11.1600,10.9500,11.0300,122300
2021-12-02,10.8300,11.1800,10.8300,11.0900,589530
2021-12-01,10.9100,11.0400,10.7500,10.7700,390450
2021-11-30,10.7800,10.8500,10.7000,10.7900,237212
2021-11-29,10.9300,11.0100,10.8200,10.8300,194240
2021-11-26,10.9700,10.9700,10.7600,10.8500,255255
2021-11-24,11.0600,11.0800,11.0100,11.0100,101311
2021-11-23,11.0000,11.1700,11.0000,11.0500,171542
2021-11-22,11.2600,11.4300,11.2200,11.3200,269205
2021-11-19,11.2500,11.3100,11.1400,11.2200,153291
2021-11-18,11.2800,11.3112,11.1500,11.2400,134488
2021-11-17,11.3500,11.3600,11.1800,11.2200,199538
2021-11-16,11.3800,11.3900,11.2500,11.3100,130044
2021-11-15,11.4200,11.4500,11.3200,11.3500,122772
2021-11-12,11.4600,11.5000,11.3450,11.3900,191104
2021-11-11,11.4600,11.5500,11.4000,11.4700,296977
2021-11-10,11.4200,11.5500,11.2800,11.4700,611751
2021-11-09,11.3400,11.4500,11.2500,11.4100,197999
2021-11-08,11.3900,11.4200,11.3500,11.3900,117434
2021-11-05,11.3300,11.4200,11.3000,11.4000,216631
2021-11-04,11.3100,11.3300,11.2300,11.3300,220186
2021-11-03,11.2500,11.3000,11.1800,11.2800,207809
2021-11-02,11.2000,11.2600,11.1300,11.2500,223281
2021-11-01,11.2500,11.2800,11.1700,11.2300,245793
2021-10-29,11.0500,11.2500,11.0500,11.2400,436432
2021-10-28,10.9700,11.0700,10.9350,11.0600,227253
2021-10-27,10.8900,10.9900,10.8800,10.9600,162056
2021-10-26,10.9800,11.0000,10.8500,10.9200,266125
2021-10-25,10.9900,11.0266,10.8600,10.9400,230070
2021-10-22,10.9600,11.0400,10.9200,10.9600,125454
2021-10-21,10.9900,11.0300,10.9250,10.9600,145083
2021-10-20,11.0700,11.0700,10.9600,10.9900,124282
2021-10-19,11.0100,11.0899,10.9800,11.0400,125432
2021-10-18,11.1000,11.1500,10.9800,11.0100,296690
2021-10-15,11.1100,11.1500,11.0800,11.1000,105329
2021-10-14,11.1500,11.1500,11.0300,11.0900,221500
2021-10-13,11.1200,11.1299,11.0000,11.0400,169619
2021-10-12,11.0600,11.0800,11.0000,11.0500,164766
2021-10-11,11.1500,11.1700,11.0400,11.0800,151766
2021-10-08,11.0900,11.1600,11.0500,11.1000,192557
2021-10-07,11.0600,11.0600,10.9200,10.9700,203396
2021-10-06,10.8700,11.0500,10.7700,11.0100,341823
2021-10-05,10.9400,11.0000,10.8900,10.8900,131170
2021-10-04,11.1000,11.1400,10.9200,10.9300,219909
2021-10-01,11.0700,11.1500,11.0300,11.1000,159903
2021-09-30,11.0800,11.1000,10.9900,11.0200,239340
2021-09-29,11.0300,11.1000,11.0300,11.0500,196891
2021-09-28,10.9700,11.0500,10.9500,10.9900,257684
2021-09-27,11.0500,11.1000,11.0000,11.0300,362392
2021-09-24,11.0600,11.0700,10.9700,10.9800,256759
2021-09-23,10.9700,11.0800,10.9700,11.0400,281311
2021-09-22,10.8500,11.1500,10.8000,10.9600,441040
2021-09-21,10.6700,10.9000,10.6300,10.8200,260605
2021-09-20,10.6800,10.6800,10.5200,10.6300,278393
2021-09-17,10.8000,10.8700,10.7400,10.7500,544885
2021-09-16,10.8500,10.9100,10.7800,10.8200,153912
2021-09-15,10.8300,10.9050,10.7400,10.8800,301917
2021-09-14,10.7900,10.8300,10.7235,10.8100,123503
2021-09-13,10.8200,10.8200,10.6700,10.7500,244695
2021-09-10,10.7700,10.8400,10.7300,10.7800,137721
2021-09-09,10.6100,10.7900,10.5900,10.7300,175849
2021-09-08,10.6800,10.7500,10.5500,10.5900,260896
2021-09-07,10.7400,10.7588,10.5600,10.6900,257028
2021-09-03,11.0100,11.0800,10.9300,11.0300,184450
2021-09-02,10.9600,11.0500,10.9000,10.9900,249230
2021-09-01,10.8300,10.9800,10.7800,10.9800,140894
2021-08-31,10.8500,10.8500,10.7400,10.7900,251022
2021-08-30,10.8900,10.8900,10.7200,10.7600,252208
2021-08-27,10.9000,10.9200,10.7500,10.8500,246743
2021-08-26,10.9800,10.9800,10.7800,10.8700,168873
2021-08-25,10.9300,11.0400,10.8700,10.9500,128981
2021-08-24,10.8700,10.9400,10.8110,10.9000,114191
2021-08-23,10.9100,10.9723,10.6800,10.8300,199751
2021-08-20,10.7100,10.9250,10.7000,10.8600,111073
2021-08-19,10.9500,10.9500,10.6600,10.7500,200991
2021-08-18,11.0800,11.0900,10.9500,10.9700,171620
2021-08-17,10.9700,11.0800,10.9100,11.0700,280352
2021-08-16,11.0000,11.0800,10.9400,10.9900,150889
2021-08-13,11.0500,11.0500,10.9800,11.0300,132493
2021-08-12,11.0300,11.0300,10.9600,11.0100,158902
2021-08-11,10.9700,11.0300,10.9200,11.0000,132633
2021-08-10,11.0000,11.0000,10.8600,10.9700,204663
2021-08-09,10.9700,11.0000,10.8700,10.9600,146008
2021-08-06,10.6500,11.0000,10.6500,10.9500,199404
2021-08-05,10.6800,10.7500,10.6000,10.6800,123331
2021-08-04,10.6400,10.6700,10.5000,10.6600,111913
2021-08-03,10.5700,10.6900,10.4800,10.6400,147539
2021-08-02,10.7500,10.7800,10.5800,10.6000,133677
2021-07-30,10.5800,10.7400,10.5800,10.7200,195444
2021-07-29,10.5200,10.7200,10.4900,10.5800,140798
2021-07-28,10.5900,10.6300,10.4000,10.5200,200776
2021-07-27,10.4700,10.5500,10.4400,10.5300,69101
2021-07-26,10.5600,10.6590,10.4700,10.5300,161147
2021-07-23,10.5700,10.6900,10.5300,10.5500,162263
2021-07-22,10.5100,10.5199,10.4101,10.5000,185843
2021-07-21,10.5100,10.5636,10.4800,10.5000,160776
2021-07-20,10.4000,10.5490,10.3890,10.4700,146814
2021-07-19,10.4500,10.4700,10.1700,10.3600,432695
2021-07-16,10.6100,10.6754,10.4600,10.5300,269519
2021-07-15,10.6500,10.7400,10.5800,10.6500,118153
2021-07-14,10.7400,10.7800,10.6000,10.6400,157136
2021-07-13,10.7700,10.7700,10.6050,10.7400,165154
2021-07-12,10.6900,10.7800,10.6200,10.7700,206158
2021-07-09,10.5200,10.7500,10.4500,10.6800,229460
2021-07-08,10.6200,10.6285,10.3500,10.5000,289715
2021-07-07,10.7200,10.7900,10.6000,10.6600,116415
2021-07-06,10.7500,10.7800,10.6100,10.7400,269725
2021-07-02,10.6900,10.7400,10.6200,10.7200,163294
2021-07-01,10.5700,10.6700,10.5000,10.6500,184817
2021-06-30,10.6800,10.7100,10.4400,10.5600,441852
2021-06-29,10.8400,10.8700,10.6500,10.7100,351948
2021-06-28,10.8100,10.8100,10.6100,10.7700,585690
2021-06-25,10.6500,10.8400,10.5400,10.5900,584688
2021-06-24,10.4500,10.5300,10.3700,10.4900,137638
2021-06-23,10.3700,10.5000,10.3318,10.4100,227752
2021-06-22,10.4100,10.4100,10.3100,10.3400,111846
2021-06-21,10.3300,10.4100,10.2700,10.4000,252897
2021-06-18,10.3800,10.4000,10.1700,10.3300,657821
2021-06-17,10.3700,10.4700,10.3200,10.4100,356755
2021-06-16,10.4000,10.4400,10.3500,10.4000,290833
2021-06-15,10.5000,10.5206,10.3300,10.4100,277240
2021-06-14,10.5900,10.6307,10.4500,10.5000,195657
2021-06-11,10.5800,10.6200,10.5485,10.5900,169740
2021-06-10,10.5000,10.5500,10.3799,10.5300,240697
2021-06-09,10.4100,10.5700,10.3800,10.5000,141444
2021-06-08,10.5600,10.5800,10.4100,10.4500,313820
2021-06-07,10.6900,10.7800,10.6500,10.7400,332878
2021-06-04,10.7500,10.7500,10.6600,10.6900,267772
2021-06-03,10.6100,10.7300,10.6100,10.6800,284832
2021-06-02,10.6500,10.6700,10.5900,10.6100,215080
2021-06-01,10.5500,10.7000,10.5300,10.5800,249215
2021-05-28,10.4800,10.5600,10.4600,10.4700,111394
2021-05-27,10.5700,10.6000,10.3500,10.4600,378138
2021-05-26,10.5300,10.5462,10.4800,10.5400,173691
2021-05-25,10.6300,10.6550,10.5300,10.5500,195740
2021-05-24,10.6700,10.7200,10.6000,10.6300,168027
2021-05-21,10.7100,10.7100,10.5600,10.6300,254014
2021-05-20,10.8000,10.8000,10.6200,10.6500,205438
2021-05-19,10.5700,10.7900,10.5100,10.7600,424992
2021-05-18,10.5300,10.6900,10.5000,10.6300,714737
2021-05-17,10.4600,10.5500,10.4200,10.5000,235260
2021-05-14,10.4300,10.5236,10.3400,10.4900,181159
2021-05-13,10.3200,10.4700,10.2800,10.4300,194846
2021-05-12,10.3600,10.3800,10.2700,10.3200,315910
2021-05-11,10.4400,10.4400,10.2600,10.4000,215960
2021-05-10,10.5200,10.5600,10.4300,10.4400,186679
2021-05-07,10.4600,10.5400,10.3500,10.4900,420691
2021-05-06,10.3500,10.5400,10.3100,10.5000,289533
2021-05-05,10.3700,10.3700,10.2100,10.3600,321900
2021-05-04,10.3700,10.3900,10.2200,10.3300,213476
2021-05-03,10.3700,10.4500,10.3600,10.3800,155032
2021-04-30,10.4400,10.4491,10.3200,10.3800,186135
2021-04-29,10.4000,10.4600,10.3500,10.4400,193609
2021-04-28,10.3200,10.4000,10.2600,10.3900,261300
2021-04-27,10.3100,10.3400,10.2600,10.3200,117055
2021-04-26,10.3000,10.3420,10.2500,10.2800,166011
2021-04-23,10.2800,10.3700,10.2100,10.2700,179581
2021-04-22,10.3500,10.3800,10.2500,10.2800,234106
2021-04-21,10.3200,10.3500,10.2505,10.3500,134676
2021-04-20,10.3100,10.3500,10.2500,10.3100,169592
2021-04-19,10.3400,10.3500,10.2600,10.3200,115753
2021-04-16,10.2500,10.3481,10.2500,10.3300,115138
2021-04-15,10.2800,10.3300,10.2100,10.3200,161428
2021-04-14,10.2700,10.2900,10.2100,10.2400,167162
2021-04-13,10.2900,10.3300,10.2200,10.2800,208241
2021-04-12,10.2600,10.3100,10.2200,10.3000,235849
2021-04-09,10.3100,10.3900,10.2200,10.2600,156174
2021-04-08,10.2200,10.3400,10.1700,10.3000,237531
2021-04-07,10.2500,10.2700,10.1400,10.2200,360088
2021-04-06,10.2000,10.3000,10.1600,10.2500,266679
2021-04-05,10.1600,10.2300,10.1400,10.1700,270356
2021-04-01,10.0100,10.1700,9.9700,10.1600,523653
2021-03-31,10.0200,10.0700,9.9550,9.9800,210646
2021-03-30,9.9900,10.0200,9.9300,10.0100,219665
2021-03-29,9.9700,10.0400,9.8900,9.9700,220100
2021-03-26,9.9700,10.0400,9.8800,9.9900,293571
2021-03-25,9.9100,10.0000,9.7400,9.9300,357359
2021-03-24,10.0000,10.2700,9.8600,9.8800,411031
2021-03-23,9.8600,9.9800,9.8000,9.8500,279087
2021-03-22,9.9500,10.0200,9.8500,9.9000,126467
2021-03-19,9.9200,10.1300,9.8055,9.9400,868013
2021-03-18,10.0300,10.0500,9.8000,9.8600,296593
2021-03-17,10.0800,10.1700,9.9700,10.0000,237982
2021-03-16,10.2200,10.3000,10.0200,10.0500,354222
2021-03-15,10.0600,10.2800,10.0100,10.2000,1911868
2021-03-12,9.8800,10.0700,9.8500,10.0500,445059
2021-03-11,9.7600,9.8800,9.7200,9.8700,202103
2021-03-10,9.9100,9.9300,9.7200,9.7900,232552
2021-03-09,9.9700,10.0700,9.7700,9.8600,330529
2021-03-08,10.0000,10.1750,9.9500,10.1500,297750
2021-03-05,10.2100,10.2100,9.9000,9.9400,332789
2021-03-04,10.2200,10.2450,10.0100,10.1900,641173
2021-03-03,10.0300,10.1600,9.9800,10.1400,363265
2021-03-02,10.0100,10.1100,9.9100,10.0300,432469
2021-03-01,9.9400,10.0800,9.8400,9.9500,345656
2021-02-26,9.6700,9.7900,9.6700,9.7000,301798
2021-02-25,9.6000,9.7400,9.5900,9.6600,385287
2021-02-24,9.4800,9.7100,9.4514,9.5900,387334
2021-02-23,9.3800,9.5300,9.3500,9.4600,250118
2021-02-22,9.3700,9.5020,9.3690,9.3900,249388
2021-02-19,9.3100,9.3600,9.3000,9.3100,165714
2021-02-18,9.3500,9.4300,9.2900,9.3000,255946
2021-02-17,9.3500,9.3780,9.2900,9.3500,604178
2021-02-16,9.4500,9.4900,9.3200,9.3400,268018
2021-02-12,9.3700,9.4700,9.2300,9.4000,247636
2021-02-11,9.5500,9.5500,9.3400,9.3900,288021
2021-02-10,9.4900,9.5600,9.4400,9.4900,322467
2021-02-09,9.5000,9.5900,9.2900,9.4400,860700
2021-02-08,9.1800,9.3400,9.1500,9.1800,293307
2021-02-05,9.1500,9.2500,9.1100,9.1900,221435
2021-02-04,9.1600,9.3000,9.1600,9.1800,292043
2021-02-03,9.1000,9.2100,9.0600,9.1600,193571
2021-02-02,9.0000,9.2800,9.0000,9.1200,597717
2021-02-01,8.8300,9.0400,8.8200,9.0100,188262
2021-01-29,8.9600,8.9935,8.8200,8.8300,301740
2021-01-28,8.9900,9.0500,8.8800,8.9900,254164
2021-01-27,9.1400,9.1550,8.9543,8.9800,324010
2021-01-26,9.0100,9.2600,9.0100,9.1900,259161
2021-01-25,9.1200,9.1506,8.9600,9.0100,273572
2021-01-22,9.1500,9.2500,9.0900,9.1400,205272
2021-01-21,9.2200,9.4800,9.1800,9.2000,664158
2021-01-20,9.1000,9.1500,9.0500,9.0500,169594
2021-01-19,9.1400,9.2400,9.0400,9.1100,177147
2021-01-15,9.1500,9.1800,9.0700,9.1400,209996
2021-01-14,9.1000,9.1600,9.0500,9.1500,152513
2021-01-13,9.0600,9.1800,9.0200,9.1000,193971
2021-01-12,9.0500,9.1700,9.0000,9.0500,177064
2021-01-11,9.0100,9.0900,8.9500,9.0600,234861
2021-01-08,9.0400,9.0900,8.9400,9.0300,308294
2021-01-07,9.0900,9.1700,8.9950,9.0000,222191
2021-01-06,9.1900,9.2900,8.9800,9.0700,233513
2021-01-05,9.1800,9.2000,9.1500,9.2000,245671
2021-01-04,9.2000,9.2100,9.1250,9.1500,148527
2020-12-31,9.1500,9.2400,9.1500,9.2000,244916
2020-12-30,9.1300,9.2900,9.0600,9.1800,284033
2020-12-29,9.0100,9.2400,9.0100,9.1400,199609
2020-12-28,9.1200,9.2145,8.9600,9.0100,210424
2020-12-24,9.2000,9.3200,9.0800,9.1000,84581
2020-12-23,9.1000,9.3600,9.1000,9.2400,500951
2020-12-22,9.1300,9.3000,9.0200,9.0800,292311
2020-12-21,9.1700,9.2000,9.0500,9.1400,207187
2020-12-18,9.1200,9.2050,9.1000,9.1800,149085
2020-12-17,9.0800,9.2000,9.0500,9.1300,151266
2020-12-16,9.2100,9.2300,9.0800,9.1000,73991
2020-12-15,9.2400,9.3400,9.1200,9.1900,110167
2020-12-14,9.2000,9.2400,9.0800,9.1800,127202
2020-12-11,9.2000,9.3100,9.0300,9.1900,112730
2020-12-10,9.2400,9.3800,9.2000,9.2200,219458
2020-12-09,9.2600,9.3200,9.1900,9.2800,276676
2020-12-08,9.0500,9.2300,8.9500,9.2000,250752
2020-12-07,9.0100,9.1300,8.8300,8.9900,287861
2020-12-04,8.8700,9.0800,8.8600,9.0000,103756
2020-12-03,8.7900,9.0500,8.7800,8.8300,227316
2020-12-02,8.7800,8.9200,8.7500,8.8100,199574
2020-12-01,8.7300,8.7900,8.6400,8.7300,125105
2020-11-30,8.7000,8.8100,8.6700,8.6700,144683
2020-11-27,8.7200,8.7500,8.6350,8.7500,55724
2020-11-25,8.6500,8.8400,8.5801,8.7200,141013
2020-11-24,8.7300,8.8500,8.6200,8.7300,165500
2020-11-23,8.7500,8.9000,8.7110,8.8200,270272
2020-11-20,8.5900,8.7300,8.5900,8.7100,233982
2020-11-19,8.4200,8.7000,8.4200,8.6700,339785
2020-11-18,8.3800,8.6000,8.3650,8.4400,183929
2020-11-17,8.4500,8.4800,8.3200,8.3300,197744
2020-11-16,8.4900,8.6000,8.4000,8.4200,215148
2020-11-13,8.3500,8.4400,8.3490,8.3800,143509
2020-11-12,8.3800,8.4780,8.2100,8.2800,218989
2020-11-11,8.3800,8.6200,8.3800,8.4400,405365
2020-11-10,8.2500,8.6000,8.0800,8.3500,294205
2020-11-09,8.0500,8.2800,7.9600,8.0500,284399
2020-11-06,7.9400,8.0300,7.8500,7.8800,68101
2020-11-05,7.8000,8.0500,7.8000,7.9500,148375
2020-11-04,7.6200,7.9100,7.6000,7.7800,109211
2020-11-03,7.6200,7.7000,7.6100,7.6100,85406
2020-11-02,7.5500,7.6683,7.5000,7.5700,82669
2020-10-30,7.7200,7.7500,7.4100,7.5100,181092
2020-10-29,7.5600,7.8200,7.5600,7.7600,101575
2020-10-28,7.8500,7.9000,7.5600,7.5800,255773
2020-10-27,7.9400,8.0200,7.8800,7.8800,59809
2020-10-26,8.0100,8.0412,7.9400,7.9400,103880
2020-10-23,8.1600,8.2100,8.0100,8.0600,173927
2020-10-22,8.1400,8.1400,8.0875,8.1100,74570
2020-10-21,8.2800,8.3100,8.1100,8.1400,105269
2020-10-20,8.2200,8.3500,8.2000,8.3200,148803
2020-10-19,8.1300,8.2500,8.0900,8.1800,116032
2020-10-16,8.1000,8.1600,8.0900,8.1500,68865
2020-10-15,8.1000,8.1500,8.1000,8.1000,45272
2020-10-14,8.1200,8.1700,8.1000,8.1300,50437
2020-10-13,8.0500,8.1600,8.0500,8.1000,80262
2020-10-12,8.1100,8.1700,7.9500,8.0600,127532
2020-10-09,8.1400,8.1900,8.0704,8.1500,186638
2020-10-08,8.0700,8.1600,8.0700,8.1200,88008
2020-10-07,8.1000,8.1600,8.0700,8.1000,145864
2020-10-06,8.0800,8.1800,8.0500,8.0500,89324
2020-10-05,8.3000,8.3000,8.0700,8.0800,101766
2020-10-02,8.1900,8.2600,8.1600,8.2600,108294
2020-10-01,8.0800,8.3300,8.0000,8.1900,112811
2020-09-30,7.9600,8.0500,7.9400,8.0000,91901
2020-09-29,8.0200,8.1000,7.9300,7.9300,28967
2020-09-28,8.0000,8.1400,8.0000,8.0600,58683
2020-09-25,7.6800,8.0100,7.6800,7.9200,60260
2020-09-24,7.9000,7.9000,7.7200,7.7400,68358
2020-09-23,8.1800,8.2000,7.8500,7.8500,74130
2020-09-22,8.0100,8.1900,7.9600,8.1600,71168
2020-09-21,7.9900,8.1400,7.8800,7.9600,151096
2020-09-18,7.9800,8.0900,7.9700,8.0900,92852
2020-09-17,7.9000,8.1500,7.8900,7.9900,107142
2020-09-16,7.9800,8.1900,7.9400,8.0100,192658
2020-09-15,7.9000,8.0200,7.8700,7.8900,135180
2020-09-14,7.9800,8.0400,7.8700,7.9300,117085
2020-09-11,8.0700,8.1200,7.9700,8.0000,22867
2020-09-10,8.2300,8.2650,8.0300,8.0400,81615
2020-09-09,8.1400,8.2400,8.0750,8.1600,63592
2020-09-08,8.1000,8.2250,8.0200,8.1200,158318
2020-09-04,8.1700,8.3300,8.0960,8.2600,127228
2020-09-03,8.2800,8.3300,8.1284,8.1400,76748
2020-09-02,8.2000,8.3200,8.1600,8.2800,46649
2020-09-01,8.1500,8.2400,8.1000,8.2100,88634
2020-08-31,8.3300,8.4000,8.1400,8.1400,222858
2020-08-28,8.3500,8.4800,8.2800,8.3500,266119
2020-08-27,8.3400,8.3700,8.2400,8.3400,66500
2020-08-26,8.3600,8.4000,8.2300,8.3300,78208
2020-08-25,8.2200,8.3500,8.1500,8.3400,129777
2020-08-24,8.2900,8.3900,8.1500,8.2300,107961
2020-08-21,8.2500,8.3100,8.1700,8.2000,30051
2020-08-20,8.2600,8.4100,8.2000,8.2700,51560
2020-08-19,8.4600,8.4900,8.3600,8.3700,39328
2020-08-18,8.5600,8.6500,8.4200,8.4400,266699
2020-08-17,8.1900,8.3400,8.1900,8.2900,200108
2020-08-14,8.2500,8.3600,8.1500,8.2600,228870
2020-08-13,8.2300,8.3600,8.2100,8.3100,127325
2020-08-12,8.2300,8.3800,8.1800,8.2700,109029
2020-08-11,8.1200,8.4000,7.8300,8.2900,440911
2020-08-10,8.2000,8.4400,8.1300,8.3100,85677
2020-08-07,8.0700,8.2500,8.0400,8.2400,97318
2020-08-06,8.0200,8.3600,7.9495,8.1000,162249
2020-08-05,7.7400,7.9800,7.7400,7.9200,47289
2020-08-04,7.6900,7.7800,7.6600,7.7200,48893
2020-08-03,7.6200,7.8000,7.5605,7.7400,57372
2020-07-31,7.5800,7.6400,7.5200,7.6100,35287
2020-07-30,7.5000,7.6800,7.5000,7.6600,29550
2020-07-29,7.5400,7.6300,7.4400,7.6100,53552
2020-07-28,7.4200,7.6000,7.4200,7.5800,34261
2020-07-27,7.5900,7.5900,7.4000,7.4400,69112
2020-07-24,7.7300,7.7300,7.5500,7.5900,19717
2020-07-23,7.8400,7.8900,7.5900,7.6700,80432
2020-07-22,7.7700,7.8701,7.7100,7.8400,92176
2020-07-21,7.5900,7.8500,7.5900,7.7900,145304
2020-07-20,7.3700,7.6400,7.3600,7.6100,128550
2020-07-17,7.4400,7.5500,7.3900,7.5400,70438
2020-07-16,7.5800,7.6600,7.4200,7.5000,55817
2020-07-15,7.7100,7.7400,7.6000,7.6300,74218
2020-07-14,7.4600,7.6900,7.4500,7.6400,242891
2020-07-13,7.5100,7.6000,7.4400,7.5000,97986
2020-07-10,7.3500,7.5000,7.3000,7.4800,98962
2020-07-09,7.6400,7.6400,7.3300,7.3600,52614
2020-07-08,7.6400,7.7000,7.5100,7.6500,53187
2020-07-07,7.6400,7.6700,7.5000,7.6200,131771
2020-07-06,7.9000,7.9000,7.6100,7.7600,120824
2020-07-02,7.8400,7.9400,7.7800,7.8100,116299
2020-07-01,7.9100,7.9400,7.7200,7.7600,93865
2020-06-30,7.7500,7.9700,7.6300,7.9400,85514
2020-06-29,7.7900,7.9000,7.6400,7.6600,110132
2020-06-26,7.7200,7.8500,7.6400,7.8100,78626
2020-06-25,7.8400,7.9900,7.7700,7.8300,109522
2020-06-24,7.8900,7.9100,7.5600,7.8700,275467
2020-06-23,7.3600,7.5000,7.3000,7.4200,168005
2020-06-22,7.3300,7.4600,7.3000,7.3400,97225
2020-06-19,7.5000,7.6800,7.3400,7.3600,177045
2020-06-18,7.4700,7.7200,7.3300,7.3900,171293
2020-06-17,7.7400,7.7800,7.4600,7.5500,127415
2020-06-16,7.9000,7.9300,7.6300,7.6400,64540
2020-06-15,7.6600,7.9200,7.6000,7.7300,89779
2020-06-12,7.7000,7.8700,7.5200,7.8700,77855
2020-06-11,7.7400,7.7800,7.4100,7.5200,208032
2020-06-10,8.0600,8.1500,7.7400,7.9700,221757
2020-06-09,8.1000,8.2300,7.9900,8.1300,100072
2020-06-08,8.4300,8.5300,8.3500,8.4100,204443
2020-06-05,8.4600,8.5400,8.1800,8.2400,394849
2020-06-04,8.3600,8.4900,8.2100,8.3000,262347
2020-06-03,8.1900,8.3900,8.1300,8.2700,374854
2020-06-02,8.1700,8.1700,8.0000,8.1200,252032
2020-06-01,7.9600,8.1400,7.8100,8.0900,241171
2020-05-29,7.4800,7.8400,7.4000,7.7600,258293
2020-05-28,7.5700,7.7600,7.3800,7.4900,187753
2020-05-27,7.2000,7.5700,7.1100,7.4000,258995
2020-05-26,7.0700,7.2400,7.0700,7.0900,144649
2020-05-22,7.1500,7.1500,6.8500,6.9300,73186
2020-05-21,6.6300,7.1800,6.6300,7.1100,234370
2020-05-20,6.6200,6.7800,6.5900,6.6500,215136
2020-05-19,6.7300,6.8000,6.5500,6.6200,112398
2020-05-18,6.8400,6.8700,6.6300,6.7300,157529
2020-05-15,6.4100,6.7100,6.4100,6.5900,107643
2020-05-14,6.4400,6.5400,6.2100,6.5300,148267
2020-05-13,6.6500,6.7000,6.4200,6.4800,110833
2020-05-12,6.7600,6.8400,6.5900,6.6500,217869
2020-05-11,6.7600,6.9200,6.6700,6.7500,130727
2020-05-08,6.9300,6.9600,6.7000,6.8200,296438
2020-05-07,6.8400,6.9600,6.5900,6.8000,523311
2020-05-06,6.6800,6.8800,6.6000,6.8000,249275
2020-05-05,6.9200,7.1600,6.5500,6.7200,600771
2020-05-04,7.0500,7.0700,6.7000,6.9200,334451
2020-05-01,6.6500,7.2000,6.4200,6.6200,400353
2020-04-30,6.8700,6.8700,6.6700,6.7600,297025
2020-04-29,6.8200,7.0600,6.8100,6.9100,212620
2020-04-28,6.8400,7.0200,6.6700,6.6800,185707
2020-04-27,6.6500,6.8200,6.6000,6.7600,285168
2020-04-24,6.3800,6.7000,6.3800,6.6600,270225
2020-04-23,6.2800,6.4000,6.1000,6.3100,194811
2020-04-22,6.4100,6.4100,6.1800,6.2200,254424
2020-04-21,6.4700,6.5400,6.1400,6.3000,202759
2020-04-20,6.5900,6.7900,6.4900,6.5100,222817
2020-04-17,6.8400,6.9500,6.5300,6.7400,184193
2020-04-16,6.9300,6.9300,6.4500,6.6600,325470
2020-04-15,6.9600,7.0300,6.7400,6.9300,183579
2020-04-14,7.2800,7.4300,7.0900,7.1200,317058
2020-04-13,7.2300,7.2800,6.7500,7.2300,228126
2020-04-09,7.4100,7.8300,7.1300,7.1800,456618
2020-04-08,6.8000,7.4400,6.8000,7.2400,337025
2020-04-07,6.6400,6.9100,6.4400,6.7500,531089
2020-04-06,6.6400,6.8400,6.3200,6.6500,559926
2020-04-03,7.0800,7.0800,6.4300,6.5000,489197
2020-04-02,7.2500,7.4400,6.7200,6.8000,349282
2020-04-01,7.0000,7.5700,6.9800,7.4200,251778
2020-03-31,7.5800,7.8900,7.4500,7.4800,305503
2020-03-30,7.5300,7.7200,7.2500,7.5800,330112
2020-03-27,7.3600,8.0300,6.8900,7.4900,577386
2020-03-26,6.6300,7.8600,6.6300,7.4500,482450
2020-03-25,6.2800,7.4100,6.2800,6.6000,375009
2020-03-24,5.6600,6.2800,5.5300,6.2200,418764
2020-03-23,6.2800,6.2800,5.4500,5.4500,396111
2020-03-20,6.1400,6.7100,6.0500,6.2700,402728
2020-03-19,5.3400,6.0000,4.6700,5.9600,830661
2020-03-18,6.5800,6.8800,5.3400,5.3400,896923
2020-03-17,7.4000,7.4300,6.8200,6.8900,727585
2020-03-16,7.1600,7.7400,6.9300,7.1200,195228
2020-03-13,8.4100,8.5600,7.9900,8.2300,244442
2020-03-12,8.3800,8.3800,7.5700,8.2000,332756
2020-03-11,9.1300,9.1400,8.8200,8.8800,335203
2020-03-10,9.2600,9.3900,9.0500,9.2900,335263
2020-03-09,9.3600,9.4500,9.2500,9.3000,259449
2020-03-06,9.8500,9.8500,9.6500,9.8100,233173
2020-03-05,10.0500,10.0700,9.9600,10.0200,130912
2020-03-04,10.0800,10.2200,10.0800,10.1200,147202
2020-03-03,9.9000,10.0900,9.9000,9.9900,406977
2020-03-02,9.4200,9.9100,9.4200,9.8900,486764
2020-02-28,9.7200,9.7200,9.3000,9.4400,508415
2020-02-27,9.9000,9.9900,9.7300,9.7900,283398
2020-02-26,10.0300,10.1200,9.9600,9.9800,128618
2020-02-25,10.2200,10.2200,9.9800,10.0200,182217
2020-02-24,10.2300,10.2700,10.2000,10.2200,123684
2020-02-21,10.4400,10.4400,10.3000,10.3000,191994
2020-02-20,10.5300,10.5500,10.4300,10.4300,48429
2020-02-19,10.5400,10.5400,10.4500,10.5300,63647
2020-02-18,10.4700,10.5300,10.4300,10.5300,51466
2020-02-14,10.4500,10.5000,10.3800,10.5000,106021
2020-02-13,10.4100,10.4700,10.3600,10.4500,148790
2020-02-12,10.4700,10.4900,10.3800,10.3800,42832
2020-02-11,10.4700,10.5000,10.3700,10.4500,54228
2020-02-10,10.4500,10.4800,10.4200,10.4800,46438
2020-02-07,10.3800,10.4600,10.3500,10.4600,57243
2020-02-06,10.4100,10.4200,10.3500,10.4100,62155
2020-02-05,10.4200,10.4500,10.3600,10.4300,89203
2020-02-04,10.3200,10.4000,10.2700,10.4000,168057
2020-02-03,10.3000,10.3800,10.2700,10.3400,118364
2020-01-31,10.4000,10.4000,10.2800,10.3000,199779
2020-01-30,10.4000,10.4300,10.3003,10.4000,156916
2020-01-29,10.4400,10.4400,10.3300,10.4300,116345
2020-01-28,10.3700,10.4500,10.3300,10.4400,57130
2020-01-27,10.3200,10.3800,10.2800,10.3300,91902
2020-01-24,10.4400,10.4700,10.3700,10.3900,42612
2020-01-23,10.5100,10.5100,10.4100,10.4300,67246
2020-01-22,10.4800,10.5600,10.4400,10.5400,140625
2020-01-21,10.4200,10.5200,10.4200,10.4400,72599
2020-01-17,10.5200,10.5700,10.4200,10.4600,91371
2020-01-16,10.5000,10.5900,10.4700,10.4800,69381
2020-01-15,10.4900,10.5400,10.4700,10.5100,155183
2020-01-14,10.4200,10.5000,10.3600,10.5000,74190
2020-01-13,10.4400,10.4500,10.3800,10.4400,86015
2020-01-10,10.4700,10.4900,10.3700,10.4600,65883
2020-01-09,10.4600,10.5000,10.4000,10.4300,82940
2020-01-08,10.4100,10.5100,10.3900,10.4300,220206
2020-01-07,10.3200,10.4200,10.2600,10.4100,92638
2020-01-06,10.3000,10.3500,10.2500,10.3200,131324
2020-01-03,10.3000,10.3300,10.2500,10.3000,79208
2020-01-02,10.3000,10.3600,10.2400,10.3000,127063
2019-12-31,10.2600,10.3000,10.2000,10.2800,151056
2019-12-30,10.2700,10.3100,10.2000,10.2800,178399
2019-12-27,10.4000,10.4000,10.2600,10.2900,72493
2019-12-26,10.3400,10.4100,10.3000,10.3500,117228
2019-12-24,10.3700,10.3700,10.3000,10.3400,48326
2019-12-23,10.3600,10.4300,10.3200,10.3600,105091
2019-12-20,10.4900,10.4900,10.3400,10.3400,225834
2019-12-19,10.4500,10.5600,10.4200,10.4600,207290
2019-12-18,10.5000,10.5700,10.3700,10.4300,144570
2019-12-17,10.3800,10.5000,10.3600,10.4900,180187
2019-12-16,10.3500,10.4700,10.3500,10.3700,179000
2019-12-13,10.3500,10.3600,10.2900,10.3200,46813
2019-12-12,10.3200,10.4400,10.3100,10.3500,70766
2019-12-11,10.3000,10.3400,10.2200,10.3200,148525
2019-12-10,10.2600,10.3700,10.2400,10.2800,105289
2019-12-09,10.3800,10.4500,10.3800,10.4100,107544
2019-12-06,10.3800,10.4500,10.3500,10.3800,304845
2019-12-05,10.3400,10.4000,10.3300,10.3900,66621
2019-12-04,10.3500,10.4000,10.3200,10.3200,83406
2019-12-03,10.2600,10.3500,10.2600,10.3400,63831
2019-12-02,10.4200,10.4800,10.3500,10.3500,118621
2019-11-29,10.3600,10.4100,10.3400,10.4100,44632
2019-11-27,10.4100,10.4100,10.2900,10.3300,86941
2019-11-26,10.3500,10.4100,10.3400,10.4000,80956
2019-11-25,10.3500,10.3700,10.3200,10.3700,41165
2019-11-22,10.3300,10.3700,10.3300,10.3400,59746
2019-11-21,10.3500,10.3500,10.2900,10.3400,69147
2019-11-20,10.2900,10.3500,10.2700,10.3400,103470
2019-11-19,10.2900,10.3300,10.2800,10.3000,234256
2019-11-18,10.2800,10.3800,10.2500,10.3000,80762
2019-11-15,10.3200,10.3300,10.2300,10.2400,52229
2019-11-14,10.3100,10.3900,10.3000,10.3000,92281
2019-11-13,10.2900,10.3900,10.2900,10.3200,72283
2019-11-12,10.3100,10.3600,10.3000,10.3200,55142
2019-11-11,10.3000,10.3400,10.2900,10.3100,79332
2019-11-08,10.2800,10.4100,10.2100,10.3100,133042
2019-11-07,10.3300,10.3700,10.2500,10.2800,73718
2019-11-06,10.2800,10.3700,10.2800,10.3400,111829
2019-11-05,10.2900,10.4100,10.2700,10.2700,111469
2019-11-04,10.3500,10.3800,10.2700,10.3200,75977
2019-11-01,10.2700,10.3800,10.2700,10.3500,130411
2019-10-31,10.1300,10.3000,10.1300,10.2700,134312
2019-10-30,10.2200,10.2200,10.0700,10.1300,64752
2019-10-29,10.1200,10.2300,10.1100,10.1800,66268
2019-10-28,10.1200,10.1700,10.1100,10.1400,68952
2019-10-25,10.1000,10.1400,10.0500,10.1200,63886
2019-10-24,10.1600,10.1900,10.0800,10.1200,53912
2019-10-23,10.0800,10.1500,10.0000,10.1500,139177
2019-10-22,10.1600,10.2000,10.0800,10.0900,43272
2019-10-21,10.2100,10.2500,10.1000,10.1600,116383
2019-10-18,10.2100,10.2800,10.1800,10.2300,84148
2019-10-17,10.0800,10.2300,10.0800,10.2100,107001
2019-10-16,10.1000,10.1300,10.0400,10.0800,108283
2019-10-15,10.0100,10.1300,10.0100,10.1100,52636
2019-10-14,10.1000,10.1300,9.9800,10.0100,66891
2019-10-11,10.1200,10.2300,10.1200,10.1600,162248
2019-10-10,10.1100,10.1600,10.0300,10.0600,89386
2019-10-09,10.1500,10.1600,10.0700,10.1100,54483
2019-10-08,10.1000,10.1600,10.0900,10.1600,117103
2019-10-07,10.1100,10.1600,10.0800,10.1500,55560
2019-10-04,10.1000,10.1500,10.0900,10.1300,79699
2019-10-03,9.9600,10.1000,9.9300,10.1000,100053
2019-10-02,10.0000,10.0200,9.8500,9.9400,153971
2019-10-01,10.1500,10.1900,10.0000,10.0600,91966
2019-09-30,10.2500,10.2500,10.1400,10.1500,81606
2019-09-27,10.2100,10.2500,10.2000,10.2400,49607
2019-09-26,10.1400,10.2500,10.0800,10.2100,207993
2019-09-25,10.1000,10.1600,10.1000,10.1400,77100
2019-09-24,10.1900,10.2000,10.0800,10.1000,122483
2019-09-23,10.1500,10.2600,10.1500,10.1900,128861
2019-09-20,10.1000,10.2300,10.1000,10.2100,223989
2019-09-19,10.0900,10.2300,10.0900,10.0900,103422
2019-09-18,10.1100,10.3400,10.1000,10.1000,134285
2019-09-17,10.0400,10.1100,10.0400,10.1100,90979
2019-09-16,10.0600,10.1300,10.0100,10.0300,161980
2019-09-13,10.0700,10.0800,9.9800,10.0800,95662
2019-09-12,10.0600,10.1200,10.0000,10.0600,84226
2019-09-11,9.9800,10.0900,9.9500,10.0600,154111
2019-09-10,9.9200,10.0000,9.9200,9.9600,209975
2019-09-09,10.0400,10.1200,10.0100,10.0600,212817
2019-09-06,10.0200,10.0800,9.9900,10.0500,335151
2019-09-05,10.0000,10.0700,10.0000,10.0500,288000
2019-09-04,9.9900,10.0200,9.9700,10.0100,169013
2019-09-03,9.9900,10.0000,9.9200,9.9700,164343
2019-08-30,9.9900,10.0200,9.9400,10.0000,201147
2019-08-29,9.9900,10.0000,9.9200,10.0000,171296
2019-08-28,9.8900,9.9700,9.8600,9.9500,195347
2019-08-27,9.9400,10.0000,9.8600,9.8900,262758
2019-08-26,9.8700,9.9600,9.8400,9.9300,204857
2019-08-23,9.9000,9.9400,9.8300,9.8700,131933
2019-08-22,9.8600,9.9400,9.8600,9.9100,252996
2019-08-21,9.8900,9.9300,9.8200,9.8500,233549
2019-08-20,9.8500,9.9000,9.8200,9.8600,159037
2019-08-19,9.7200,9.8900,9.6200,9.8600,134085
2019-08-16,9.6700,9.7400,9.6500,9.7100,89872
2019-08-15,9.7000,9.7800,9.6200,9.6700,142291
2019-08-14,9.6500,9.7600,9.6000,9.6500,153344
2019-08-13,9.6900,9.7100,9.6100,9.6500,89061
2019-08-12,9.6800,9.7300,9.6100,9.6800,120520
2019-08-09,9.7500,9.7500,9.6500,9.7000,63466
2019-08-08,9.7700,9.8000,9.7400,9.7700,112317
2019-08-07,9.7400,9.7500,9.6400,9.7300,135388
2019-08-06,9.7700,9.8500,9.7400,9.7400,162896
2019-08-05,9.8000,9.8500,9.6900,9.7600,150599
2019-08-02,9.8400,9.8700,9.7300,9.8500,107091
2019-08-01,9.8500,9.9400,9.7800,9.7900,136390
2019-07-31,9.8800,10.0300,9.8300,9.8700,164413
2019-07-30,9.8700,9.9600,9.8500,9.9100,84427
2019-07-29,9.8800,9.9200,9.8300,9.8900,48780
2019-07-26,9.8900,9.9400,9.8800,9.9000,51894
2019-07-25,9.9800,9.9800,9.8500,9.9200,51790
2019-07-24,9.9400,10.0500,9.9000,9.9300,215637
2019-07-23,9.9200,9.9700,9.8600,9.9500,69677
2019-07-22,9.9100,9.9300,9.8500,9.9100,68834
2019-07-19,9.8700,9.9200,9.8600,9.8800,34647
2019-07-18,9.9300,9.9400,9.8600,9.8700,61610
2019-07-17,9.9200,9.9600,9.9000,9.9600,140529
2019-07-16,9.9600,10.0200,9.9100,9.9200,101449
2019-07-15,9.8700,9.9700,9.8500,9.9400,87478
2019-07-12,9.9400,9.9800,9.8500,9.8500,103134
2019-07-11,9.8900,9.9300,9.8400,9.9300,81296
2019-07-10,9.9200,9.9700,9.8400,9.9100,101174
2019-07-09,9.8400,9.9400,9.7900,9.9300,85211
2019-07-08,9.8600,9.8900,9.8100,9.8700,97468
2019-07-05,9.8300,9.8900,9.8000,9.8900,66032
2019-07-03,9.8800,9.9000,9.8400,9.8400,61639
2019-07-02,9.8900,9.9200,9.8300,9.8600,138891
2019-07-01,9.8600,9.9100,9.7700,9.8400,121451
2019-06-28,9.8800,9.9300,9.8300,9.8400,164495
2019-06-27,9.8300,9.9000,9.8000,9.8700,109193
2019-06-26,9.9800,9.9800,9.8000,9.8500,243826
2019-06-25,9.9100,10.0200,9.8600,9.9800,174836
2019-06-24,9.8900,9.9700,9.8800,9.9200,123778
2019-06-21,9.9500,10.0000,9.8400,9.9000,302776
2019-06-20,10.1400,10.1400,9.9000,9.9300,99725
2019-06-19,9.9300,10.1700,9.9147,10.1100,141945
2019-06-18,9.9000,9.9700,9.8500,9.8800,91507
2019-06-17,9.9400,9.9400,9.8400,9.8800,120534
2019-06-14,9.9000,9.9300,9.9000,9.9200,71607
2019-06-13,9.8700,9.9300,9.8700,9.9300,102198
2019-06-12,9.8000,9.9400,9.8000,9.9000,138897
2019-06-11,9.8700,9.8800,9.7100,9.8500,73518
2019-06-10,9.8800,10.0000,9.8500,10.0000,126362
2019-06-07,9.8700,9.9297,9.7600,9.8700,180374
2019-06-06,9.8200,9.8800,9.8200,9.8400,125940
2019-06-05,9.9000,9.9000,9.8200,9.8300,75331
2019-06-04,9.8300,9.8900,9.8000,9.8500,147732
2019-06-03,9.8700,9.8800,9.8000,9.8100,196811
2019-05-31,9.8800,9.9700,9.8800,9.9000,117740
2019-05-30,10.0500,10.1000,9.9100,9.9100,215141
2019-05-29,10.0800,10.0800,9.9300,10.0300,140340
2019-05-28,10.0900,10.1500,10.0700,10.0700,131868
2019-05-24,10.1400,10.1400,10.0700,10.1100,123769
2019-05-23,10.1000,10.1700,10.0700,10.1300,157351
2019-05-22,10.1800,10.2100,10.1000,10.1100,122736
2019-05-21,10.3000,10.3000,10.1200,10.2200,118403
2019-05-20,10.2700,10.3100,10.2300,10.2800,135643
2019-05-17,10.2100,10.3000,10.2100,10.2800,142342
2019-05-16,10.2700,10.3200,10.2500,10.2600,165434
2019-05-15,10.2700,10.3000,10.1900,10.2400,198637
2019-05-14,10.1700,10.3400,10.1700,10.3300,254138
2019-05-13,10.0100,10.1900,10.0000,10.1700,240013
2019-05-10,9.9100,10.1600,9.9100,10.0800,489370
2019-05-09,9.9200,9.9900,9.8500,9.9400,170276
2019-05-08,9.9100,10.0000,9.9100,9.9500,144569
2019-05-07,9.9700,10.0300,9.8900,9.9200,455452
2019-05-06,9.9500,10.0500,9.9400,10.0000,172171
2019-05-03,9.9000,10.0600,9.9000,10.0300,1524463
2019-05-02,9.8900,9.9200,9.8500,9.9100,173113
2019-05-01,9.9400,9.9900,9.8700,9.9000,153761
2019-04-30,9.9200,9.9500,9.8800,9.9400,351314
2019-04-29,9.9000,9.9600,9.9000,9.9400,56190
2019-04-26,9.8600,9.9000,9.8500,9.9000,119974
2019-04-25,9.8600,9.9200,9.8200,9.8500,226898
2019-04-24,9.9200,9.9500,9.8600,9.8600,192779
2019-04-23,9.8900,9.9700,9.8700,9.9300,166119
2019-04-22,9.8400,9.9500,9.8100,9.9300,223603
2019-04-18,9.8800,9.9000,9.8300,9.8700,130061
2019-04-17,9.8900,9.9200,9.8800,9.8800,148893
2019-04-16,9.8900,9.9750,9.8650,9.9000,212323
2019-04-15,9.9000,9.9400,9.8400,9.8700,175345
2019-04-12,9.9200,9.9500,9.8700,9.9500,202364
2019-04-11,9.9500,9.9800,9.8800,9.8900,124233
2019-04-10,9.9300,10.0300,9.9300,9.9700,107727
2019-04-09,9.9100,10.0300,9.9100,9.9500,171705
2019-04-08,9.9500,10.0600,9.9000,9.9100,169739
2019-04-05,9.9200,10.0700,9.9200,10.0500,233572
2019-04-04,9.9400,10.0000,9.8800,9.9000,154736
2019-04-03,9.9700,9.9800,9.8900,9.9100,136888
2019-04-02,9.8600,10.0400,9.8500,9.9200,157818
2019-04-01,9.8300,9.9100,9.8300,9.8700,130998
2019-03-29,9.9300,9.9700,9.8100,9.8100,178081
2019-03-28,9.9000,9.9600,9.8900,9.9200,102344
2019-03-27,9.9200,9.9600,9.8500,9.9100,116353
2019-03-26,9.8500,9.9900,9.8500,9.9200,114968
2019-03-25,9.8300,9.9000,9.7800,9.8500,76948
2019-03-22,9.9400,9.9500,9.8300,9.8500,252755
2019-03-21,9.9500,10.0600,9.9200,9.9500,172994
2019-03-20,10.0200,10.0700,9.9400,9.9900,366594
2019-03-19,9.9300,10.0400,9.9300,10.0000,281958
2019-03-18,9.9000,9.9800,9.8800,9.9300,239736
2019-03-15,9.9200,9.9500,9.8750,9.9000,284052
2019-03-14,9.8900,9.9600,9.8900,9.9500,308241
2019-03-13,9.8500,9.9200,9.8200,9.9100,237438
2019-03-12,9.8000,9.9600,9.8000,9.8600,235798
2019-03-11,9.8100,9.9600,9.7100,9.9100,423899
2019-03-08,9.7700,9.8500,9.7000,9.8100,158525
2019-03-07,9.8000,9.8900,9.7100,9.8200,175781
2019-03-06,9.8700,9.8700,9.7500,9.8200,187171
2019-03-05,9.8400,9.9600,9.8200,9.8700,171367
2019-03-04,9.7900,9.9500,9.7700,9.8900,238942
2019-03-01,9.7000,9.9000,9.6700,9.7900,667569
2019-02-28,9.9000,10.0900,9.5200,9.6100,954569
2019-02-27,9.8700,9.8700,9.7500,9.8100,130506
2019-02-26,9.9600,9.9600,9.7000,9.9100,200276
2019-02-25,9.9500,10.0000,9.8100,9.9600,260955
2019-02-22,9.7900,10.0000,9.7700,9.9700,444085
2019-02-21,9.7900,9.8500,9.7495,9.7900,106424
2019-02-20,9.7100,9.8200,9.6800,9.8100,91643
2019-02-19,9.6600,9.7200,9.6100,9.7200,183056
2019-02-15,9.6800,9.7500,9.6400,9.6700,117487
2019-02-14,9.6500,9.7200,9.6500,9.6700,104091
2019-02-13,9.6000,9.7600,9.6000,9.7500,97841
2019-02-12,9.6300,9.6900,9.5800,9.6200,179818
2019-02-11,9.6500,9.7400,9.6400,9.6400,86074
2019-02-08,9.7000,9.7300,9.6500,9.6600,166262
2019-02-07,9.7800,9.7800,9.6400,9.7000,133958
2019-02-06,9.8100,9.8400,9.7900,9.7900,177257
2019-02-05,9.8500,9.8700,9.8100,9.8300,236861
2019-02-04,9.8000,9.9000,9.8000,9.8600,99715
2019-02-01,9.8800,9.9200,9.8300,9.8600,127801
2019-01-31,9.8000,9.9100,9.8000,9.9000,205659
2019-01-30,9.7400,9.9100,9.7400,9.8700,230948
2019-01-29,9.7100,9.8000,9.7100,9.7500,202958
2019-01-28,9.6600,9.7700,9.6600,9.7400,145560
2019-01-25,9.7000,9.7800,9.7000,9.7200,148579
2019-01-24,9.6000,9.7600,9.6000,9.7100,119727
2019-01-23,9.5900,9.6500,9.5500,9.6000,100704
2019-01-22,9.5700,9.6467,9.5100,9.6000,199659
2019-01-18,9.6800,9.7000,9.5700,9.6000,274492
2019-01-17,9.6700,9.7500,9.6000,9.6700,299314
2019-01-16,9.6000,9.7400,9.6000,9.6900,160367
2019-01-15,9.6200,9.7000,9.5400,9.6300,79768
2019-01-14,9.6400,9.7800,9.6400,9.6500,133545
2019-01-11,9.5900,9.7400,9.5900,9.6700,140611
2019-01-10,9.5400,9.6900,9.5400,9.6400,96958
2019-01-09,9.7500,9.7500,9.5600,9.6000,259779
2019-01-08,9.6400,9.7500,9.6400,9.7000,163058
2019-01-07,9.4800,9.8000,9.4800,9.6700,304855
2019-01-04,9.3300,9.5300,9.3300,9.4900,281676
2019-01-03,9.2600,9.3600,9.2400,9.3000,156447
2019-01-02,8.9600,9.3100,8.9300,9.2800,223478
2018-12-31,9.0700,9.1700,8.9100,9.0100,574804
2018-12-28,8.9200,9.2000,8.9200,9.0100,374278
2018-12-27,8.8700,9.0200,8.8400,8.9300,313261
2018-12-26,8.8600,9.0500,8.8400,8.9500,238122
2018-12-24,8.7700,8.9600,8.7000,8.8600,191374
2018-12-21,8.9800,9.1000,8.8200,8.8300,475374
2018-12-20,9.0800,9.2300,8.7300,9.0100,766319
2018-12-19,9.0900,9.2700,9.0800,9.1000,451243
2018-12-18,9.3800,9.4500,9.2400,9.2400,380909
2018-12-17,9.5500,9.6300,9.3750,9.4000,586414
2018-12-14,9.6300,9.6900,9.5800,9.6000,346534
2018-12-13,9.8000,9.8400,9.6800,9.7000,375240
2018-12-12,9.9300,9.9300,9.8600,9.8800,199566
2018-12-11,9.9200,10.0100,9.8200,9.8700,412393
2018-12-10,9.9100,9.9800,9.8500,9.9200,228364
2018-12-07,9.9400,10.0600,9.9300,9.9700,276724
2018-12-06,9.8800,10.0100,9.8100,9.9700,571149
2018-12-04,10.0400,10.0500,9.9500,9.9600,239919
2018-12-03,10.0500,10.1000,9.9900,10.0400,179141
2018-11-30,9.9900,10.0500,9.9700,10.0200,269726
2018-11-29,10.0100,10.0800,10.0100,10.0300,367569
2018-11-28,9.9100,10.0500,9.9000,10.0400,500958
2018-11-27,9.8200,9.9600,9.8200,9.9400,348719
2018-11-26,9.9600,9.9700,9.8800,9.8900,449940
2018-11-23,9.9200,10.0000,9.9000,9.9400,181849
2018-11-21,9.9800,9.9900,9.8600,9.9100,580410
2018-11-20,10.0000,10.0600,9.9700,9.9900,362575
2018-11-19,10.0200,10.1000,10.0100,10.0500,283322
2018-11-16,10.0100,10.0600,9.9700,10.0500,404853
2018-11-15,10.0800,10.1200,10.0100,10.0500,280553
2018-11-14,10.1200,10.1800,10.0700,10.0900,196016
2018-11-13,10.1200,10.1900,10.1000,10.1200,169212
2018-11-12,10.1900,10.2700,10.1500,10.1700,584280
2018-11-09,9.9700,10.2200,9.9700,10.2000,961384
2018-11-08,10.0800,10.1700,10.0500,10.0900,200143
2018-11-07,10.1000,10.1500,10.0600,10.1100,227459
2018-11-06,9.9700,10.1300,9.9700,10.0800,349228
2018-11-05,9.9700,10.0500,9.9700,10.0100,255744
2018-11-02,10.1300,10.1400,9.9900,9.9900,430072
2018-11-01,9.9700,10.1800,9.9700,10.1400,427136
2018-10-31,10.0500,10.1200,9.9800,9.9800,427884
2018-10-30,9.9600,10.0300,9.9600,10.0200,307927
2018-10-29,10.0100,10.0600,9.9700,9.9700,278898
2018-10-26,10.0000,10.0200,9.9800,9.9900,231295
2018-10-25,10.0400,10.0900,10.0100,10.0300,355247
2018-10-24,10.0500,10.0600,9.9800,10.0300,424745
2018-10-23,10.0200,10.0600,10.0200,10.0400,232984
2018-10-22,10.0800,10.1000,10.0400,10.0800,210563
2018-10-19,10.0300,10.1200,10.0300,10.0500,303918
2018-10-18,10.0600,10.1200,10.0200,10.0400,297636
2018-10-17,10.0800,10.1400,10.0800,10.1000,174434
2018-10-16,10.1400,10.1600,10.1000,10.1400,183941
2018-10-15,10.0300,10.1600,10.0300,10.1000,279462
2018-10-12,10.0100,10.1700,9.9900,10.0200,338285
2018-10-11,9.9800,10.0800,9.9800,10.0200,407576
2018-10-10,10.1600,10.2100,9.9900,10.0100,447638
2018-10-09,10.1500,10.2100,10.1400,10.1800,226616
2018-10-08,10.1400,10.2000,10.1200,10.1800,238142
2018-10-05,10.1400,10.2100,10.1000,10.1300,255576
2018-10-04,10.2000,10.2400,10.1500,10.1600,305998
2018-10-03,10.0700,10.2600,10.0300,10.1900,538400
2018-10-02,10.0300,10.1300,10.0300,10.0600,583980
2018-10-01,10.0300,10.1200,9.9600,10.0700,526224
2018-09-28,9.9300,10.0700,9.9100,10.0100,932161
2018-09-27,10.0500,10.1100,9.9700,9.9900,347667
2018-09-26,10.0400,10.0800,10.0200,10.0400,326453
2018-09-25,10.1000,10.2100,10.0700,10.0700,295057
2018-09-24,10.0900,10.1200,9.9800,10.1100,385972
2018-09-21,10.1300,10.1800,10.0900,10.1300,526148
2018-09-20,10.0700,10.1400,10.0100,10.1300,411313
2018-09-19,10.1300,10.1500,10.0700,10.1100,395369
2018-09-18,10.1400,10.2000,10.0600,10.1100,864543
2018-09-17,10.1700,10.2100,10.1400,10.1700,549267
2018-09-14,10.1700,10.2900,10.1600,10.1700,478934
2018-09-13,10.3200,10.3500,10.2300,10.2400,454550
2018-09-12,10.3700,10.3700,10.3200,10.3200,234159
2018-09-11,10.6500,10.6500,10.3000,10.3300,450969
2018-09-10,10.3500,10.4400,10.3100,10.3700,704894
2018-09-07,10.1200,10.3800,10.0800,10.3400,708900
2018-09-06,10.5600,10.7000,10.5000,10.5900,738494
2018-09-05,10.5800,10.6300,10.5500,10.5600,801104
2018-09-04,10.5500,10.6400,10.5500,10.6100,431735
2018-08-31,10.6500,10.6700,10.5600,10.6200,344600
2018-08-30,10.4800,10.6800,10.4700,10.6500,578466
2018-08-29,10.4500,10.5300,10.3700,10.5200,364744
2018-08-28,10.5000,10.5000,10.4100,10.4500,249922
2018-08-27,10.3900,10.5000,10.3600,10.5000,536949
2018-08-24,10.4200,10.4400,10.3500,10.4000,178242
2018-08-23,10.4600,10.4700,10.3500,10.4100,304437
2018-08-22,10.4900,10.5400,10.4300,10.4600,489018
2018-08-21,10.4900,10.5400,10.4600,10.5000,616218
2018-08-20,10.5500,10.5500,10.5000,10.5100,285113
2018-08-17,10.5000,10.5700,10.4600,10.5200,389802
2018-08-16,10.5100,10.6000,10.5000,10.5500,296967
2018-08-15,10.5100,10.5800,10.4700,10.5000,496670
2018-08-14,10.5600,10.6000,10.5300,10.5600,713789
2018-08-13,10.5300,10.6000,10.4700,10.5600,391207
2018-08-10,10.5300,10.6800,10.5000,10.5900,401216
2018-08-09,10.6200,10.6600,10.5300,10.6100,618950
2018-08-08,10.6300,10.7000,10.6000,10.6300,563557
2018-08-07,10.6900,10.7900,10.6100,10.6700,900624
2018-08-06,10.7900,10.7900,10.3000,10.4800,634679
2018-08-03,11.8000,12.3900,11.6700,12.3400,488345
